1.0.30001605	aac	AAC audio file format	TRUE	9/17/2012, 2:26:37 AM	FALSE	"=HYPERLINK(""https://caniuse.com/aac"", ""AAC audio file format"")"
1.0.30001605	abortcontroller	AbortController & AbortSignal	TRUE	9/17/2012, 2:26:37 AM	TRUE	"=HYPERLINK(""https://caniuse.com/abortcontroller"", ""AbortController & AbortSignal"")"
1.0.30001605	ac3-ec3	AC-3 (Dolby Digital) and EC-3 (Dolby Digital Plus) codecs	FALSE	9/17/2012, 2:26:37 AM	FALSE	
1.0.30001605	accelerometer	Accelerometer	TRUE	9/17/2012, 2:26:37 AM	FALSE	"=HYPERLINK(""https://caniuse.com/accelerometer"", ""Accelerometer"")"
1.0.30001605	addeventlistener	EventTarget.addEventListener()	TRUE	9/17/2012, 2:26:37 AM	FALSE	"=HYPERLINK(""https://caniuse.com/addeventlistener"", ""EventTarget.addEventListener()"")"
1.0.30001605	alternate-stylesheet	Alternate stylesheet	FALSE	9/17/2012, 2:26:37 AM	FALSE	
1.0.30001605	ambient-light	Ambient Light Sensor	TRUE	9/17/2012, 2:26:37 AM	FALSE	"=HYPERLINK(""https://caniuse.com/ambient-light"", ""Ambient Light Sensor"")"
1.0.30001605	apng	Animated PNG (APNG)	TRUE	9/17/2012, 2:26:37 AM	FALSE	"=HYPERLINK(""https://caniuse.com/apng"", ""Animated PNG (APNG)"")"
1.0.30001605	array-find-index	Array.prototype.findIndex	TRUE	9/17/2012, 2:26:37 AM	FALSE	"=HYPERLINK(""https://caniuse.com/array-find-index"", ""Array.prototype.findIndex"")"
1.0.30001605	array-find	Array.prototype.find	TRUE	9/17/2012, 2:26:37 AM	FALSE	"=HYPERLINK(""https://caniuse.com/array-find"", ""Array.prototype.find"")"
1.0.30001605	array-flat	flat & flatMap array methods	TRUE	9/17/2012, 2:26:37 AM	TRUE	"=HYPERLINK(""https://caniuse.com/array-flat"", ""flat & flatMap array methods"")"
1.0.30001605	array-includes	Array.prototype.includes	TRUE	9/17/2012, 2:26:37 AM	FALSE	"=HYPERLINK(""https://caniuse.com/array-includes"", ""Array.prototype.includes"")"
1.0.30001605	arrow-functions	Arrow functions	TRUE	9/17/2012, 2:26:37 AM	FALSE	"=HYPERLINK(""https://caniuse.com/arrow-functions"", ""Arrow functions"")"
1.0.30001605	asmjs	asm.js	TRUE	9/17/2012, 2:26:37 AM	FALSE	"=HYPERLINK(""https://caniuse.com/asmjs"", ""asm.js"")"
1.0.30001605	async-clipboard	Asynchronous Clipboard API	TRUE	6/13/2018, 1:21:12 AM	TRUE	"=HYPERLINK(""https://caniuse.com/async-clipboard"", ""Asynchronous Clipboard API"")"
1.0.30001605	async-functions	Async functions	TRUE	11/5/2016, 1:56:28 PM	TRUE	"=HYPERLINK(""https://caniuse.com/async-functions"", ""Async functions"")"
1.0.30001605	atob-btoa	Base64 encoding and decoding	TRUE	9/17/2012, 2:26:37 AM	FALSE	"=HYPERLINK(""https://caniuse.com/atob-btoa"", ""Base64 encoding and decoding"")"
1.0.30001605	audio-api	Web Audio API	TRUE	9/17/2012, 2:26:37 AM	FALSE	"=HYPERLINK(""https://caniuse.com/audio-api"", ""Web Audio API"")"
1.0.30001605	audio	Audio element	TRUE	9/17/2012, 2:26:37 AM	FALSE	"=HYPERLINK(""https://caniuse.com/audio"", ""Audio element"")"
1.0.30001605	audiotracks	Audio Tracks	TRUE	9/17/2012, 2:26:37 AM	FALSE	"=HYPERLINK(""https://caniuse.com/audiotracks"", ""Audio Tracks"")"
1.0.30001605	autofocus	Autofocus attribute	TRUE	9/17/2012, 2:26:37 AM	FALSE	"=HYPERLINK(""https://caniuse.com/autofocus"", ""Autofocus attribute"")"
1.0.30001605	auxclick	Auxclick	TRUE	10/21/2013, 4:04:25 AM	FALSE	"=HYPERLINK(""https://caniuse.com/auxclick"", ""Auxclick"")"
1.0.30001605	av1	AV1 video format	TRUE	9/17/2012, 2:26:37 AM	FALSE	"=HYPERLINK(""https://caniuse.com/av1"", ""AV1 video format"")"
1.0.30001605	avif	AVIF image format	TRUE	9/17/2012, 2:26:37 AM	TRUE	"=HYPERLINK(""https://caniuse.com/avif"", ""AVIF image format"")"
1.0.30001605	background-attachment	CSS background-attachment	TRUE	9/17/2012, 2:26:37 AM	FALSE	"=HYPERLINK(""https://caniuse.com/background-attachment"", ""CSS background-attachment"")"
1.0.30001605	background-clip-text	Background-clip: text	TRUE	7/23/2018, 1:29:46 AM	FALSE	"=HYPERLINK(""https://caniuse.com/background-clip-text"", ""Background-clip: text"")"
1.0.30001605	background-img-opts	CSS3 Background-image options	TRUE	9/17/2012, 2:26:37 AM	FALSE	"=HYPERLINK(""https://caniuse.com/background-img-opts"", ""CSS3 Background-image options"")"
1.0.30001605	background-position-x-y	background-position-x & background-position-y	TRUE	9/17/2012, 2:26:37 AM	FALSE	"=HYPERLINK(""https://caniuse.com/background-position-x-y"", ""background-position-x & background-position-y"")"
1.0.30001605	background-repeat-round-space	CSS background-repeat round and space	TRUE	9/17/2012, 2:26:37 AM	FALSE	"=HYPERLINK(""https://caniuse.com/background-repeat-round-space"", ""CSS background-repeat round and space"")"
1.0.30001605	background-sync	Background Sync API	TRUE	9/17/2012, 2:26:37 AM	FALSE	"=HYPERLINK(""https://caniuse.com/background-sync"", ""Background Sync API"")"
1.0.30001605	battery-status	Battery Status API	TRUE	9/17/2012, 2:26:37 AM	FALSE	"=HYPERLINK(""https://caniuse.com/battery-status"", ""Battery Status API"")"
1.0.30001605	beacon	Beacon API	TRUE	9/17/2012, 2:26:37 AM	FALSE	"=HYPERLINK(""https://caniuse.com/beacon"", ""Beacon API"")"
1.0.30001605	beforeafterprint	Printing Events	TRUE	9/17/2012, 2:26:37 AM	FALSE	"=HYPERLINK(""https://caniuse.com/beforeafterprint"", ""Printing Events"")"
1.0.30001605	bigint	BigInt	TRUE	10/23/2018, 3:27:38 PM	TRUE	"=HYPERLINK(""https://caniuse.com/bigint"", ""BigInt"")"
1.0.30001605	blobbuilder	Blob constructing	TRUE	9/17/2012, 2:26:37 AM	FALSE	"=HYPERLINK(""https://caniuse.com/blobbuilder"", ""Blob constructing"")"
1.0.30001605	bloburls	Blob URLs	TRUE	9/17/2012, 2:26:37 AM	FALSE	"=HYPERLINK(""https://caniuse.com/bloburls"", ""Blob URLs"")"
1.0.30001605	border-image	CSS3 Border images	TRUE	9/17/2012, 2:26:37 AM	TRUE	"=HYPERLINK(""https://caniuse.com/border-image"", ""CSS3 Border images"")"
1.0.30001605	border-radius	CSS3 Border-radius (rounded corners)	TRUE	9/17/2012, 2:26:37 AM	FALSE	"=HYPERLINK(""https://caniuse.com/border-radius"", ""CSS3 Border-radius (rounded corners)"")"
1.0.30001605	broadcastchannel	BroadcastChannel	TRUE	9/17/2012, 2:26:37 AM	TRUE	"=HYPERLINK(""https://caniuse.com/broadcastchannel"", ""BroadcastChannel"")"
1.0.30001605	brotli	Brotli Accept-Encoding/Content-Encoding	TRUE	9/17/2012, 2:26:37 AM	FALSE	"=HYPERLINK(""https://caniuse.com/brotli"", ""Brotli Accept-Encoding/Content-Encoding"")"
1.0.30001605	calc	calc() as CSS unit value	TRUE	9/17/2012, 2:26:37 AM	TRUE	"=HYPERLINK(""https://caniuse.com/calc"", ""calc() as CSS unit value"")"
1.0.30001605	canvas-blending	Canvas blend modes	TRUE	9/17/2012, 2:26:37 AM	FALSE	"=HYPERLINK(""https://caniuse.com/canvas-blending"", ""Canvas blend modes"")"
1.0.30001605	canvas-text	Text API for Canvas	TRUE	9/17/2012, 2:26:37 AM	FALSE	"=HYPERLINK(""https://caniuse.com/canvas-text"", ""Text API for Canvas"")"
1.0.30001605	canvas	Canvas (basic support)	TRUE	9/17/2012, 2:26:37 AM	FALSE	"=HYPERLINK(""https://caniuse.com/canvas"", ""Canvas (basic support)"")"
1.0.30001605	ch-unit	ch (character) unit	TRUE	9/17/2012, 2:26:37 AM	FALSE	"=HYPERLINK(""https://caniuse.com/ch-unit"", ""ch (character) unit"")"
1.0.30001605	chacha20-poly1305	ChaCha20-Poly1305 cipher suites for TLS	TRUE	4/15/2015, 10:17:15 PM	FALSE	"=HYPERLINK(""https://caniuse.com/chacha20-poly1305"", ""ChaCha20-Poly1305 cipher suites for TLS"")"
1.0.30001605	channel-messaging	Channel messaging	TRUE	5/8/2013, 7:08:30 PM	FALSE	"=HYPERLINK(""https://caniuse.com/channel-messaging"", ""Channel messaging"")"
1.0.30001605	childnode-remove	ChildNode.remove()	TRUE	9/17/2012, 2:26:37 AM	FALSE	"=HYPERLINK(""https://caniuse.com/childnode-remove"", ""ChildNode.remove()"")"
1.0.30001605	classlist	classList (DOMTokenList)	TRUE	9/17/2012, 2:26:37 AM	FALSE	"=HYPERLINK(""https://caniuse.com/classlist"", ""classList (DOMTokenList)"")"
1.0.30001605	client-hints-dpr-width-viewport	Client Hints: DPR, Width, Viewport-Width	TRUE	4/15/2015, 10:17:15 PM	FALSE	"=HYPERLINK(""https://caniuse.com/client-hints-dpr-width-viewport"", ""Client Hints: DPR, Width, Viewport-Width"")"
1.0.30001605	clipboard	Synchronous Clipboard API	TRUE	9/17/2012, 2:26:37 AM	FALSE	"=HYPERLINK(""https://caniuse.com/clipboard"", ""Synchronous Clipboard API"")"
1.0.30001605	colr-v1	COLR/CPAL(v1) Font Formats	TRUE	9/17/2012, 2:26:37 AM	TRUE	"=HYPERLINK(""https://caniuse.com/colr-v1"", ""COLR/CPAL(v1) Font Formats"")"
1.0.30001605	colr	COLR/CPAL(v0) Font Formats	TRUE	9/17/2012, 2:26:37 AM	FALSE	"=HYPERLINK(""https://caniuse.com/colr"", ""COLR/CPAL(v0) Font Formats"")"
1.0.30001605	comparedocumentposition	Node.compareDocumentPosition()	TRUE	9/17/2012, 2:26:37 AM	FALSE	"=HYPERLINK(""https://caniuse.com/comparedocumentposition"", ""Node.compareDocumentPosition()"")"
1.0.30001605	console-basic	Basic console logging functions	TRUE	9/17/2012, 2:26:37 AM	FALSE	"=HYPERLINK(""https://caniuse.com/console-basic"", ""Basic console logging functions"")"
1.0.30001605	console-time	console.time and console.timeEnd	TRUE	9/17/2012, 2:26:37 AM	FALSE	"=HYPERLINK(""https://caniuse.com/console-time"", ""console.time and console.timeEnd"")"
1.0.30001605	const	const	TRUE	8/30/2015, 6:07:09 AM	FALSE	"=HYPERLINK(""https://caniuse.com/const"", ""const"")"
1.0.30001605	constraint-validation	Constraint Validation API	TRUE	7/19/2017, 6:29:59 AM	TRUE	"=HYPERLINK(""https://caniuse.com/constraint-validation"", ""Constraint Validation API"")"
1.0.30001605	contenteditable	contenteditable attribute (basic support)	TRUE	9/17/2012, 2:26:37 AM	FALSE	"=HYPERLINK(""https://caniuse.com/contenteditable"", ""contenteditable attribute (basic support)"")"
1.0.30001605	contentsecuritypolicy	Content Security Policy 1.0	TRUE	9/17/2012, 2:26:37 AM	FALSE	"=HYPERLINK(""https://caniuse.com/contentsecuritypolicy"", ""Content Security Policy 1.0"")"
1.0.30001605	contentsecuritypolicy2	Content Security Policy Level 2	TRUE	9/17/2012, 2:26:37 AM	FALSE	"=HYPERLINK(""https://caniuse.com/contentsecuritypolicy2"", ""Content Security Policy Level 2"")"
1.0.30001605	cookie-store-api	Cookie Store API	TRUE	9/17/2012, 2:26:37 AM	FALSE	"=HYPERLINK(""https://caniuse.com/cookie-store-api"", ""Cookie Store API"")"
1.0.30001605	cors	Cross-Origin Resource Sharing	TRUE	9/17/2012, 2:26:37 AM	FALSE	"=HYPERLINK(""https://caniuse.com/cors"", ""Cross-Origin Resource Sharing"")"
1.0.30001605	createimagebitmap	createImageBitmap	TRUE	9/17/2012, 2:26:37 AM	FALSE	"=HYPERLINK(""https://caniuse.com/createimagebitmap"", ""createImageBitmap"")"
1.0.30001605	credential-management	Credential Management API	TRUE	9/17/2012, 2:26:37 AM	FALSE	"=HYPERLINK(""https://caniuse.com/credential-management"", ""Credential Management API"")"
1.0.30001605	cryptography	Web Cryptography	TRUE	4/6/2013, 5:30:54 PM	FALSE	"=HYPERLINK(""https://caniuse.com/cryptography"", ""Web Cryptography"")"
1.0.30001605	css-all	CSS all property	TRUE	9/17/2012, 2:26:37 AM	FALSE	"=HYPERLINK(""https://caniuse.com/css-all"", ""CSS all property"")"
1.0.30001605	css-anchor-positioning	CSS Anchor Positioning	TRUE	9/17/2012, 2:26:37 AM	TRUE	"=HYPERLINK(""https://caniuse.com/css-anchor-positioning"", ""CSS Anchor Positioning"")"
1.0.30001605	css-animation	CSS Animation	TRUE	9/17/2012, 2:26:37 AM	FALSE	"=HYPERLINK(""https://caniuse.com/css-animation"", ""CSS Animation"")"
1.0.30001605	css-any-link	CSS :any-link selector	TRUE	2/3/2013, 7:54:36 AM	FALSE	"=HYPERLINK(""https://caniuse.com/css-any-link"", ""CSS :any-link selector"")"
1.0.30001605	css-appearance	CSS Appearance	TRUE	2/3/2013, 7:54:36 AM	FALSE	"=HYPERLINK(""https://caniuse.com/css-appearance"", ""CSS Appearance"")"
1.0.30001605	css-at-counter-style	CSS Counter Styles	TRUE	12/15/2014, 11:30:36 AM	TRUE	"=HYPERLINK(""https://caniuse.com/css-at-counter-style"", ""CSS Counter Styles"")"
1.0.30001605	css-backdrop-filter	CSS Backdrop Filter	TRUE	8/7/2013, 12:17:02 AM	TRUE	"=HYPERLINK(""https://caniuse.com/css-backdrop-filter"", ""CSS Backdrop Filter"")"
1.0.30001605	css-background-offsets	CSS background-position edge offsets	TRUE	9/17/2012, 2:26:37 AM	FALSE	"=HYPERLINK(""https://caniuse.com/css-background-offsets"", ""CSS background-position edge offsets"")"
1.0.30001605	css-backgroundblendmode	CSS background-blend-mode	TRUE	9/17/2012, 2:26:37 AM	FALSE	"=HYPERLINK(""https://caniuse.com/css-backgroundblendmode"", ""CSS background-blend-mode"")"
1.0.30001605	css-boxdecorationbreak	CSS box-decoration-break	TRUE	9/17/2012, 2:26:37 AM	FALSE	"=HYPERLINK(""https://caniuse.com/css-boxdecorationbreak"", ""CSS box-decoration-break"")"
1.0.30001605	css-boxshadow	CSS3 Box-shadow	TRUE	9/17/2012, 2:26:37 AM	FALSE	"=HYPERLINK(""https://caniuse.com/css-boxshadow"", ""CSS3 Box-shadow"")"
1.0.30001605	css-canvas	CSS Canvas Drawings	TRUE	9/17/2012, 2:26:37 AM	FALSE	"=HYPERLINK(""https://caniuse.com/css-canvas"", ""CSS Canvas Drawings"")"
1.0.30001605	css-caret-color	CSS caret-color	TRUE	9/17/2012, 2:26:37 AM	FALSE	"=HYPERLINK(""https://caniuse.com/css-caret-color"", ""CSS caret-color"")"
1.0.30001605	css-cascade-layers	CSS Cascade Layers	TRUE	9/17/2012, 2:26:37 AM	TRUE	"=HYPERLINK(""https://caniuse.com/css-cascade-layers"", ""CSS Cascade Layers"")"
1.0.30001605	css-cascade-scope	Scoped Styles: the @scope rule	TRUE	9/17/2012, 2:26:37 AM	FALSE	"=HYPERLINK(""https://caniuse.com/css-cascade-scope"", ""Scoped Styles: the @scope rule"")"
1.0.30001605	css-case-insensitive	Case-insensitive CSS attribute selectors	TRUE	9/17/2012, 2:26:37 AM	FALSE	"=HYPERLINK(""https://caniuse.com/css-case-insensitive"", ""Case-insensitive CSS attribute selectors"")"
1.0.30001605	css-clip-path	CSS clip-path property (for HTML)	TRUE	8/21/2014, 4:44:00 AM	FALSE	"=HYPERLINK(""https://caniuse.com/css-clip-path"", ""CSS clip-path property (for HTML)"")"
1.0.30001605	css-color-adjust	CSS print-color-adjust	TRUE	9/17/2012, 2:26:37 AM	FALSE	"=HYPERLINK(""https://caniuse.com/css-color-adjust"", ""CSS print-color-adjust"")"
1.0.30001605	css-color-function	CSS color() function	TRUE	9/17/2012, 2:26:37 AM	TRUE	"=HYPERLINK(""https://caniuse.com/css-color-function"", ""CSS color() function"")"
1.0.30001605	css-conic-gradients	CSS Conical Gradients	TRUE	8/7/2013, 12:17:02 AM	TRUE	"=HYPERLINK(""https://caniuse.com/css-conic-gradients"", ""CSS Conical Gradients"")"
1.0.30001605	css-container-queries-style	CSS Container Style Queries	TRUE	9/17/2012, 2:26:37 AM	TRUE	"=HYPERLINK(""https://caniuse.com/css-container-queries-style"", ""CSS Container Style Queries"")"
1.0.30001605	css-container-queries	CSS Container Queries (Size)	TRUE	9/17/2012, 2:26:37 AM	TRUE	"=HYPERLINK(""https://caniuse.com/css-container-queries"", ""CSS Container Queries (Size)"")"
1.0.30001605	css-container-query-units	CSS Container Query Units	TRUE	9/17/2012, 2:26:37 AM	FALSE	"=HYPERLINK(""https://caniuse.com/css-container-query-units"", ""CSS Container Query Units"")"
1.0.30001605	css-containment	CSS Containment	TRUE	9/17/2012, 2:26:37 AM	FALSE	"=HYPERLINK(""https://caniuse.com/css-containment"", ""CSS Containment"")"
1.0.30001605	css-content-visibility	CSS content-visibility	TRUE	9/17/2012, 2:26:37 AM	TRUE	"=HYPERLINK(""https://caniuse.com/css-content-visibility"", ""CSS content-visibility"")"
1.0.30001605	css-counters	CSS Counters	TRUE	9/17/2012, 2:26:37 AM	FALSE	"=HYPERLINK(""https://caniuse.com/css-counters"", ""CSS Counters"")"
1.0.30001605	css-crisp-edges	Crisp edges/pixelated images	TRUE	1/25/2015, 1:04:01 AM	FALSE	"=HYPERLINK(""https://caniuse.com/css-crisp-edges"", ""Crisp edges/pixelated images"")"
1.0.30001605	css-cross-fade	CSS Cross-Fade Function	TRUE	9/17/2012, 2:26:37 AM	FALSE	"=HYPERLINK(""https://caniuse.com/css-cross-fade"", ""CSS Cross-Fade Function"")"
1.0.30001605	css-default-pseudo	:default CSS pseudo-class	TRUE	4/5/2016, 2:49:09 AM	TRUE	"=HYPERLINK(""https://caniuse.com/css-default-pseudo"", "":default CSS pseudo-class"")"
1.0.30001605	css-descendant-gtgt	Explicit descendant combinator >>	TRUE	9/17/2012, 2:26:37 AM	FALSE	"=HYPERLINK(""https://caniuse.com/css-descendant-gtgt"", ""Explicit descendant combinator >>"")"
1.0.30001605	css-deviceadaptation	CSS Device Adaptation	TRUE	9/17/2012, 2:26:37 AM	FALSE	"=HYPERLINK(""https://caniuse.com/css-deviceadaptation"", ""CSS Device Adaptation"")"
1.0.30001605	css-dir-pseudo	:dir() CSS pseudo-class	TRUE	9/17/2012, 2:26:37 AM	FALSE	"=HYPERLINK(""https://caniuse.com/css-dir-pseudo"", "":dir() CSS pseudo-class"")"
1.0.30001605	css-display-contents	CSS display: contents	TRUE	9/17/2012, 2:26:37 AM	FALSE	"=HYPERLINK(""https://caniuse.com/css-display-contents"", ""CSS display: contents"")"
1.0.30001605	css-element-function	CSS element() function	TRUE	9/17/2012, 2:26:37 AM	FALSE	"=HYPERLINK(""https://caniuse.com/css-element-function"", ""CSS element() function"")"
1.0.30001605	css-env-function	CSS Environment Variables env()	TRUE	9/17/2012, 2:26:37 AM	FALSE	"=HYPERLINK(""https://caniuse.com/css-env-function"", ""CSS Environment Variables env()"")"
1.0.30001605	css-exclusions	CSS Exclusions Level 1	TRUE	8/7/2013, 12:17:02 AM	FALSE	"=HYPERLINK(""https://caniuse.com/css-exclusions"", ""CSS Exclusions Level 1"")"
1.0.30001605	css-featurequeries	CSS Feature Queries	TRUE	9/17/2012, 2:26:37 AM	FALSE	"=HYPERLINK(""https://caniuse.com/css-featurequeries"", ""CSS Feature Queries"")"
1.0.30001605	css-filter-function	CSS filter() function	TRUE	8/7/2013, 12:17:02 AM	FALSE	"=HYPERLINK(""https://caniuse.com/css-filter-function"", ""CSS filter() function"")"
1.0.30001605	css-filters	CSS Filter Effects	TRUE	9/17/2012, 2:26:37 AM	FALSE	"=HYPERLINK(""https://caniuse.com/css-filters"", ""CSS Filter Effects"")"
1.0.30001605	css-first-letter	::first-letter CSS pseudo-element selector	TRUE	9/17/2012, 2:26:37 AM	FALSE	"=HYPERLINK(""https://caniuse.com/css-first-letter"", ""::first-letter CSS pseudo-element selector"")"
1.0.30001605	css-first-line	CSS first-line pseudo-element	TRUE	9/17/2012, 2:26:37 AM	FALSE	"=HYPERLINK(""https://caniuse.com/css-first-line"", ""CSS first-line pseudo-element"")"
1.0.30001605	css-fixed	CSS position:fixed	TRUE	9/17/2012, 2:26:37 AM	FALSE	"=HYPERLINK(""https://caniuse.com/css-fixed"", ""CSS position:fixed"")"
1.0.30001605	css-focus-visible	:focus-visible CSS pseudo-class	TRUE	8/7/2013, 12:17:02 AM	TRUE	"=HYPERLINK(""https://caniuse.com/css-focus-visible"", "":focus-visible CSS pseudo-class"")"
1.0.30001605	css-focus-within	:focus-within CSS pseudo-class	TRUE	9/17/2012, 2:26:37 AM	FALSE	"=HYPERLINK(""https://caniuse.com/css-focus-within"", "":focus-within CSS pseudo-class"")"
1.0.30001605	css-font-palette	CSS font-palette	TRUE	9/17/2012, 2:26:37 AM	FALSE	"=HYPERLINK(""https://caniuse.com/css-font-palette"", ""CSS font-palette"")"
1.0.30001605	css-font-rendering-controls	CSS font-display	TRUE	9/17/2012, 2:26:37 AM	FALSE	"=HYPERLINK(""https://caniuse.com/css-font-rendering-controls"", ""CSS font-display"")"
1.0.30001605	css-font-stretch	CSS font-stretch	TRUE	9/17/2012, 2:26:37 AM	FALSE	"=HYPERLINK(""https://caniuse.com/css-font-stretch"", ""CSS font-stretch"")"
1.0.30001605	css-gencontent	CSS Generated content for pseudo-elements	TRUE	9/17/2012, 2:26:37 AM	FALSE	"=HYPERLINK(""https://caniuse.com/css-gencontent"", ""CSS Generated content for pseudo-elements"")"
1.0.30001605	css-gradients	CSS Gradients	TRUE	9/17/2012, 2:26:37 AM	TRUE	"=HYPERLINK(""https://caniuse.com/css-gradients"", ""CSS Gradients"")"
1.0.30001605	css-grid-animation	CSS Grid animation	FALSE	6/17/2022, 8:55:09 PM	FALSE	
1.0.30001605	css-grid	CSS Grid Layout (level 1)	TRUE	9/17/2012, 2:26:37 AM	TRUE	"=HYPERLINK(""https://caniuse.com/css-grid"", ""CSS Grid Layout (level 1)"")"
1.0.30001605	css-hanging-punctuation	CSS hanging-punctuation	TRUE	9/17/2012, 2:26:37 AM	FALSE	"=HYPERLINK(""https://caniuse.com/css-hanging-punctuation"", ""CSS hanging-punctuation"")"
1.0.30001605	css-has	:has() CSS relational pseudo-class	TRUE	9/17/2012, 2:26:37 AM	TRUE	"=HYPERLINK(""https://caniuse.com/css-has"", "":has() CSS relational pseudo-class"")"
1.0.30001605	css-hyphens	CSS Hyphenation	TRUE	9/17/2012, 2:26:37 AM	FALSE	"=HYPERLINK(""https://caniuse.com/css-hyphens"", ""CSS Hyphenation"")"
1.0.30001605	css-image-orientation	CSS3 image-orientation	TRUE	9/17/2012, 2:26:37 AM	FALSE	"=HYPERLINK(""https://caniuse.com/css-image-orientation"", ""CSS3 image-orientation"")"
1.0.30001605	css-image-set	CSS image-set	TRUE	9/17/2012, 2:26:37 AM	TRUE	"=HYPERLINK(""https://caniuse.com/css-image-set"", ""CSS image-set"")"
1.0.30001605	css-in-out-of-range	:in-range and :out-of-range CSS pseudo-classes	TRUE	9/17/2012, 2:26:37 AM	FALSE	"=HYPERLINK(""https://caniuse.com/css-in-out-of-range"", "":in-range and :out-of-range CSS pseudo-classes"")"
1.0.30001605	css-indeterminate-pseudo	:indeterminate CSS pseudo-class	TRUE	4/5/2016, 2:49:09 AM	TRUE	"=HYPERLINK(""https://caniuse.com/css-indeterminate-pseudo"", "":indeterminate CSS pseudo-class"")"
1.0.30001605	css-initial-letter	CSS Initial Letter	TRUE	8/7/2013, 12:17:02 AM	FALSE	"=HYPERLINK(""https://caniuse.com/css-initial-letter"", ""CSS Initial Letter"")"
1.0.30001605	css-initial-value	CSS initial value	TRUE	9/17/2012, 2:26:37 AM	FALSE	"=HYPERLINK(""https://caniuse.com/css-initial-value"", ""CSS initial value"")"
1.0.30001605	css-lch-lab	LCH and Lab color values	TRUE	9/17/2012, 2:26:37 AM	FALSE	"=HYPERLINK(""https://caniuse.com/css-lch-lab"", ""LCH and Lab color values"")"
1.0.30001605	css-letter-spacing	letter-spacing CSS property	TRUE	9/17/2012, 2:26:37 AM	FALSE	"=HYPERLINK(""https://caniuse.com/css-letter-spacing"", ""letter-spacing CSS property"")"
1.0.30001605	css-line-clamp	CSS line-clamp	TRUE	9/17/2012, 2:26:37 AM	TRUE	"=HYPERLINK(""https://caniuse.com/css-line-clamp"", ""CSS line-clamp"")"
1.0.30001605	css-logical-props	CSS Logical Properties	TRUE	1/25/2015, 11:12:02 PM	FALSE	"=HYPERLINK(""https://caniuse.com/css-logical-props"", ""CSS Logical Properties"")"
1.0.30001605	css-marker-pseudo	CSS ::marker pseudo-element	TRUE	9/17/2012, 2:26:37 AM	FALSE	"=HYPERLINK(""https://caniuse.com/css-marker-pseudo"", ""CSS ::marker pseudo-element"")"
1.0.30001605	css-masks	CSS Masks	TRUE	9/17/2012, 2:26:37 AM	FALSE	"=HYPERLINK(""https://caniuse.com/css-masks"", ""CSS Masks"")"
1.0.30001605	css-matches-pseudo	:is() CSS pseudo-class	TRUE	2/28/2016, 11:40:53 AM	TRUE	"=HYPERLINK(""https://caniuse.com/css-matches-pseudo"", "":is() CSS pseudo-class"")"
1.0.30001605	css-math-functions	CSS math functions min(), max() and clamp()	TRUE	9/17/2012, 2:26:37 AM	FALSE	"=HYPERLINK(""https://caniuse.com/css-math-functions"", ""CSS math functions min(), max() and clamp()"")"
1.0.30001605	css-media-interaction	Media Queries: interaction media features	TRUE	8/7/2013, 12:17:02 AM	FALSE	"=HYPERLINK(""https://caniuse.com/css-media-interaction"", ""Media Queries: interaction media features"")"
1.0.30001605	css-media-range-syntax	Media Queries: Range Syntax	TRUE	6/17/2022, 8:55:09 PM	TRUE	"=HYPERLINK(""https://caniuse.com/css-media-range-syntax"", ""Media Queries: Range Syntax"")"
1.0.30001605	css-media-resolution	Media Queries: resolution feature	TRUE	10/11/2014, 5:13:02 PM	FALSE	"=HYPERLINK(""https://caniuse.com/css-media-resolution"", ""Media Queries: resolution feature"")"
1.0.30001605	css-media-scripting	Media Queries: scripting media feature	FALSE	8/7/2013, 12:17:02 AM	FALSE	
1.0.30001605	css-mediaqueries	CSS3 Media Queries	TRUE	9/17/2012, 2:26:37 AM	FALSE	"=HYPERLINK(""https://caniuse.com/css-mediaqueries"", ""CSS3 Media Queries"")"
1.0.30001605	css-mixblendmode	Blending of HTML/SVG elements	TRUE	9/17/2012, 2:26:37 AM	FALSE	"=HYPERLINK(""https://caniuse.com/css-mixblendmode"", ""Blending of HTML/SVG elements"")"
1.0.30001605	css-motion-paths	CSS Motion Path	TRUE	4/15/2015, 10:17:15 PM	TRUE	"=HYPERLINK(""https://caniuse.com/css-motion-paths"", ""CSS Motion Path"")"
1.0.30001605	css-namespaces	CSS namespaces	TRUE	9/17/2012, 2:26:37 AM	FALSE	"=HYPERLINK(""https://caniuse.com/css-namespaces"", ""CSS namespaces"")"
1.0.30001605	css-nesting	CSS Nesting	TRUE	9/17/2012, 2:26:37 AM	TRUE	"=HYPERLINK(""https://caniuse.com/css-nesting"", ""CSS Nesting"")"
1.0.30001605	css-not-sel-list	selector list argument of :not()	TRUE	9/17/2012, 2:26:37 AM	FALSE	"=HYPERLINK(""https://caniuse.com/css-not-sel-list"", ""selector list argument of :not()"")"
1.0.30001605	css-nth-child-of	selector list argument of :nth-child and :nth-last-child CSS pseudo-classes	TRUE	8/7/2013, 12:17:02 AM	FALSE	"=HYPERLINK(""https://caniuse.com/css-nth-child-of"", ""selector list argument of :nth-child and :nth-last-child CSS pseudo-classes"")"
1.0.30001605	css-opacity	CSS3 Opacity	TRUE	9/17/2012, 2:26:37 AM	FALSE	"=HYPERLINK(""https://caniuse.com/css-opacity"", ""CSS3 Opacity"")"
1.0.30001605	css-optional-pseudo	:optional CSS pseudo-class	TRUE	9/17/2012, 2:26:37 AM	FALSE	"=HYPERLINK(""https://caniuse.com/css-optional-pseudo"", "":optional CSS pseudo-class"")"
1.0.30001605	css-overflow-anchor	CSS overflow-anchor (Scroll Anchoring)	TRUE	9/17/2012, 2:26:37 AM	FALSE	"=HYPERLINK(""https://caniuse.com/css-overflow-anchor"", ""CSS overflow-anchor (Scroll Anchoring)"")"
1.0.30001605	css-overflow-overlay	CSS overflow: overlay	TRUE	9/17/2012, 2:26:37 AM	FALSE	"=HYPERLINK(""https://caniuse.com/css-overflow-overlay"", ""CSS overflow: overlay"")"
1.0.30001605	css-overflow	CSS overflow property	TRUE	10/29/2018, 12:47:38 AM	TRUE	"=HYPERLINK(""https://caniuse.com/css-overflow"", ""CSS overflow property"")"
1.0.30001605	css-overscroll-behavior	CSS overscroll-behavior	TRUE	9/17/2012, 2:26:37 AM	FALSE	"=HYPERLINK(""https://caniuse.com/css-overscroll-behavior"", ""CSS overscroll-behavior"")"
1.0.30001605	css-page-break	CSS page-break properties	TRUE	5/30/2015, 9:17:14 AM	FALSE	"=HYPERLINK(""https://caniuse.com/css-page-break"", ""CSS page-break properties"")"
1.0.30001605	css-paged-media	CSS Paged Media (@page)	TRUE	9/17/2012, 2:26:37 AM	FALSE	"=HYPERLINK(""https://caniuse.com/css-paged-media"", ""CSS Paged Media (@page)"")"
1.0.30001605	css-paint-api	CSS Painting API	TRUE	9/17/2012, 2:26:37 AM	FALSE	"=HYPERLINK(""https://caniuse.com/css-paint-api"", ""CSS Painting API"")"
1.0.30001605	css-placeholder-shown	:placeholder-shown CSS pseudo-class	TRUE	8/7/2013, 12:17:02 AM	FALSE	"=HYPERLINK(""https://caniuse.com/css-placeholder-shown"", "":placeholder-shown CSS pseudo-class"")"
1.0.30001605	css-placeholder	::placeholder CSS pseudo-element	TRUE	2/3/2013, 7:54:36 AM	FALSE	"=HYPERLINK(""https://caniuse.com/css-placeholder"", ""::placeholder CSS pseudo-element"")"
1.0.30001605	css-read-only-write	CSS :read-only and :read-write selectors	TRUE	10/27/2015, 10:26:38 AM	TRUE	"=HYPERLINK(""https://caniuse.com/css-read-only-write"", ""CSS :read-only and :read-write selectors"")"
1.0.30001605	css-rebeccapurple	Rebeccapurple color	TRUE	9/17/2012, 2:26:37 AM	FALSE	"=HYPERLINK(""https://caniuse.com/css-rebeccapurple"", ""Rebeccapurple color"")"
1.0.30001605	css-reflections	CSS Reflections	TRUE	9/17/2012, 2:26:37 AM	FALSE	"=HYPERLINK(""https://caniuse.com/css-reflections"", ""CSS Reflections"")"
1.0.30001605	css-regions	CSS Regions	TRUE	9/17/2012, 2:26:37 AM	FALSE	"=HYPERLINK(""https://caniuse.com/css-regions"", ""CSS Regions"")"
1.0.30001605	css-relative-colors	CSS Relative colors	TRUE	9/17/2012, 2:26:37 AM	TRUE	"=HYPERLINK(""https://caniuse.com/css-relative-colors"", ""CSS Relative colors"")"
1.0.30001605	css-repeating-gradients	CSS Repeating Gradients	TRUE	9/17/2012, 2:26:37 AM	TRUE	"=HYPERLINK(""https://caniuse.com/css-repeating-gradients"", ""CSS Repeating Gradients"")"
1.0.30001605	css-resize	CSS resize property	TRUE	9/17/2012, 2:26:37 AM	FALSE	"=HYPERLINK(""https://caniuse.com/css-resize"", ""CSS resize property"")"
1.0.30001605	css-revert-value	CSS revert value	TRUE	8/7/2013, 12:17:02 AM	FALSE	"=HYPERLINK(""https://caniuse.com/css-revert-value"", ""CSS revert value"")"
1.0.30001605	css-rrggbbaa	#rrggbbaa hex color notation	TRUE	9/17/2012, 2:26:37 AM	FALSE	"=HYPERLINK(""https://caniuse.com/css-rrggbbaa"", ""#rrggbbaa hex color notation"")"
1.0.30001605	css-scroll-behavior	CSS Scroll-behavior	TRUE	9/17/2012, 2:26:37 AM	FALSE	"=HYPERLINK(""https://caniuse.com/css-scroll-behavior"", ""CSS Scroll-behavior"")"
1.0.30001605	css-scroll-timeline	CSS @scroll-timeline	TRUE	9/17/2012, 2:26:37 AM	FALSE	"=HYPERLINK(""https://caniuse.com/css-scroll-timeline"", ""CSS @scroll-timeline"")"
1.0.30001605	css-scrollbar	CSS scrollbar styling	TRUE	3/21/2016, 6:35:26 AM	FALSE	"=HYPERLINK(""https://caniuse.com/css-scrollbar"", ""CSS scrollbar styling"")"
1.0.30001605	css-sel2	CSS 2.1 selectors	TRUE	9/17/2012, 2:26:37 AM	FALSE	"=HYPERLINK(""https://caniuse.com/css-sel2"", ""CSS 2.1 selectors"")"
1.0.30001605	css-sel3	CSS3 selectors	TRUE	9/17/2012, 2:26:37 AM	FALSE	"=HYPERLINK(""https://caniuse.com/css-sel3"", ""CSS3 selectors"")"
1.0.30001605	css-selection	::selection CSS pseudo-element	TRUE	7/28/2013, 3:08:30 AM	FALSE	"=HYPERLINK(""https://caniuse.com/css-selection"", ""::selection CSS pseudo-element"")"
1.0.30001605	css-shapes	CSS Shapes Level 1	TRUE	9/17/2012, 2:26:37 AM	FALSE	"=HYPERLINK(""https://caniuse.com/css-shapes"", ""CSS Shapes Level 1"")"
1.0.30001605	css-snappoints	CSS Scroll Snap	TRUE	9/17/2012, 2:26:37 AM	TRUE	"=HYPERLINK(""https://caniuse.com/css-snappoints"", ""CSS Scroll Snap"")"
1.0.30001605	css-sticky	CSS position:sticky	TRUE	9/17/2012, 2:26:37 AM	TRUE	"=HYPERLINK(""https://caniuse.com/css-sticky"", ""CSS position:sticky"")"
1.0.30001605	css-subgrid	CSS Subgrid	TRUE	9/17/2012, 2:26:37 AM	TRUE	"=HYPERLINK(""https://caniuse.com/css-subgrid"", ""CSS Subgrid"")"
1.0.30001605	css-supports-api	CSS.supports() API	TRUE	9/17/2012, 2:26:37 AM	FALSE	"=HYPERLINK(""https://caniuse.com/css-supports-api"", ""CSS.supports() API"")"
1.0.30001605	css-table	CSS Table display	TRUE	9/17/2012, 2:26:37 AM	FALSE	"=HYPERLINK(""https://caniuse.com/css-table"", ""CSS Table display"")"
1.0.30001605	css-text-align-last	CSS3 text-align-last	TRUE	9/17/2012, 2:26:37 AM	FALSE	"=HYPERLINK(""https://caniuse.com/css-text-align-last"", ""CSS3 text-align-last"")"
1.0.30001605	css-text-box-trim	CSS text-box-trim & text-box-edge	TRUE	9/17/2012, 2:26:37 AM	FALSE	"=HYPERLINK(""https://caniuse.com/css-text-box-trim"", ""CSS text-box-trim & text-box-edge"")"
1.0.30001605	css-text-indent	CSS text-indent	TRUE	2/23/2016, 6:39:51 AM	TRUE	"=HYPERLINK(""https://caniuse.com/css-text-indent"", ""CSS text-indent"")"
1.0.30001605	css-text-justify	CSS text-justify	TRUE	9/17/2012, 2:26:37 AM	FALSE	"=HYPERLINK(""https://caniuse.com/css-text-justify"", ""CSS text-justify"")"
1.0.30001605	css-text-orientation	CSS text-orientation	TRUE	9/17/2012, 2:26:37 AM	FALSE	"=HYPERLINK(""https://caniuse.com/css-text-orientation"", ""CSS text-orientation"")"
1.0.30001605	css-text-spacing	CSS Text 4 text-spacing	FALSE	9/17/2012, 2:26:37 AM	FALSE	
1.0.30001605	css-text-wrap-balance	CSS text-wrap: balance	TRUE	9/17/2012, 2:26:37 AM	FALSE	"=HYPERLINK(""https://caniuse.com/css-text-wrap-balance"", ""CSS text-wrap: balance"")"
1.0.30001605	css-textshadow	CSS3 Text-shadow	TRUE	9/17/2012, 2:26:37 AM	FALSE	"=HYPERLINK(""https://caniuse.com/css-textshadow"", ""CSS3 Text-shadow"")"
1.0.30001605	css-touch-action	CSS touch-action property	TRUE	9/17/2012, 2:26:37 AM	FALSE	"=HYPERLINK(""https://caniuse.com/css-touch-action"", ""CSS touch-action property"")"
1.0.30001605	css-transitions	CSS3 Transitions	TRUE	9/17/2012, 2:26:37 AM	FALSE	"=HYPERLINK(""https://caniuse.com/css-transitions"", ""CSS3 Transitions"")"
1.0.30001605	css-unicode-bidi	CSS unicode-bidi property	FALSE	2/23/2016, 6:39:51 AM	FALSE	
1.0.30001605	css-unset-value	CSS unset value	TRUE	9/17/2012, 2:26:37 AM	FALSE	"=HYPERLINK(""https://caniuse.com/css-unset-value"", ""CSS unset value"")"
1.0.30001605	css-variables	CSS Variables (Custom Properties)	TRUE	9/17/2012, 2:26:37 AM	TRUE	"=HYPERLINK(""https://caniuse.com/css-variables"", ""CSS Variables (Custom Properties)"")"
1.0.30001605	css-when-else	CSS @when / @else conditional rules	TRUE	9/17/2012, 2:26:37 AM	FALSE	"=HYPERLINK(""https://caniuse.com/css-when-else"", ""CSS @when / @else conditional rules"")"
1.0.30001605	css-widows-orphans	CSS widows & orphans	TRUE	9/17/2012, 2:26:37 AM	FALSE	"=HYPERLINK(""https://caniuse.com/css-widows-orphans"", ""CSS widows & orphans"")"
1.0.30001605	css-writing-mode	CSS writing-mode property	TRUE	9/17/2012, 2:26:37 AM	FALSE	"=HYPERLINK(""https://caniuse.com/css-writing-mode"", ""CSS writing-mode property"")"
1.0.30001605	css-zoom	CSS zoom	TRUE	9/17/2012, 2:26:37 AM	FALSE	"=HYPERLINK(""https://caniuse.com/css-zoom"", ""CSS zoom"")"
1.0.30001605	css3-attr	CSS3 attr() function for all properties	TRUE	8/7/2013, 12:17:02 AM	FALSE	"=HYPERLINK(""https://caniuse.com/css3-attr"", ""CSS3 attr() function for all properties"")"
1.0.30001605	css3-boxsizing	CSS3 Box-sizing	TRUE	9/17/2012, 2:26:37 AM	FALSE	"=HYPERLINK(""https://caniuse.com/css3-boxsizing"", ""CSS3 Box-sizing"")"
1.0.30001605	css3-colors	CSS3 Colors	TRUE	9/17/2012, 2:26:37 AM	FALSE	"=HYPERLINK(""https://caniuse.com/css3-colors"", ""CSS3 Colors"")"
1.0.30001605	css3-cursors-grab	CSS grab & grabbing cursors	TRUE	2/3/2013, 7:54:36 AM	FALSE	"=HYPERLINK(""https://caniuse.com/css3-cursors-grab"", ""CSS grab & grabbing cursors"")"
1.0.30001605	css3-cursors-newer	CSS3 Cursors: zoom-in & zoom-out	TRUE	2/3/2013, 7:54:36 AM	FALSE	"=HYPERLINK(""https://caniuse.com/css3-cursors-newer"", ""CSS3 Cursors: zoom-in & zoom-out"")"
1.0.30001605	css3-cursors	CSS3 Cursors (original values)	TRUE	9/28/2013, 7:59:11 AM	FALSE	"=HYPERLINK(""https://caniuse.com/css3-cursors"", ""CSS3 Cursors (original values)"")"
1.0.30001605	css3-tabsize	CSS3 tab-size	TRUE	5/31/2013, 8:11:47 PM	FALSE	"=HYPERLINK(""https://caniuse.com/css3-tabsize"", ""CSS3 tab-size"")"
1.0.30001605	currentcolor	CSS currentColor value	TRUE	9/17/2012, 2:26:37 AM	FALSE	"=HYPERLINK(""https://caniuse.com/currentcolor"", ""CSS currentColor value"")"
1.0.30001605	custom-elements	Custom Elements (deprecated V0 spec)	TRUE	7/18/2014, 1:49:10 AM	FALSE	"=HYPERLINK(""https://caniuse.com/custom-elements"", ""Custom Elements (deprecated V0 spec)"")"
1.0.30001605	custom-elementsv1	Custom Elements (V1)	TRUE	9/17/2012, 2:26:37 AM	TRUE	"=HYPERLINK(""https://caniuse.com/custom-elementsv1"", ""Custom Elements (V1)"")"
1.0.30001605	customevent	CustomEvent	TRUE	9/17/2012, 2:26:37 AM	FALSE	"=HYPERLINK(""https://caniuse.com/customevent"", ""CustomEvent"")"
1.0.30001605	datalist	Datalist element	TRUE	9/17/2012, 2:26:37 AM	FALSE	"=HYPERLINK(""https://caniuse.com/datalist"", ""Datalist element"")"
1.0.30001605	dataset	dataset & data-* attributes	TRUE	9/17/2012, 2:26:37 AM	FALSE	"=HYPERLINK(""https://caniuse.com/dataset"", ""dataset & data-* attributes"")"
1.0.30001605	datauri	Data URIs	TRUE	9/17/2012, 2:26:37 AM	FALSE	"=HYPERLINK(""https://caniuse.com/datauri"", ""Data URIs"")"
1.0.30001605	date-tolocaledatestring	Date.prototype.toLocaleDateString	TRUE	5/7/2019, 6:31:57 AM	FALSE	"=HYPERLINK(""https://caniuse.com/date-tolocaledatestring"", ""Date.prototype.toLocaleDateString"")"
1.0.30001605	declarative-shadow-dom	Declarative Shadow DOM	TRUE	9/17/2012, 2:26:37 AM	TRUE	"=HYPERLINK(""https://caniuse.com/declarative-shadow-dom"", ""Declarative Shadow DOM"")"
1.0.30001605	decorators	Decorators	TRUE	7/7/2021, 6:44:47 AM	FALSE	"=HYPERLINK(""https://caniuse.com/decorators"", ""Decorators"")"
1.0.30001605	details	Details & Summary elements	TRUE	9/17/2012, 2:26:37 AM	FALSE	"=HYPERLINK(""https://caniuse.com/details"", ""Details & Summary elements"")"
1.0.30001605	deviceorientation	DeviceOrientation & DeviceMotion events	TRUE	9/17/2012, 2:26:37 AM	FALSE	"=HYPERLINK(""https://caniuse.com/deviceorientation"", ""DeviceOrientation & DeviceMotion events"")"
1.0.30001605	devicepixelratio	Window.devicePixelRatio	TRUE	9/17/2012, 2:26:37 AM	FALSE	"=HYPERLINK(""https://caniuse.com/devicepixelratio"", ""Window.devicePixelRatio"")"
1.0.30001605	dialog	Dialog element	TRUE	9/17/2012, 2:26:37 AM	TRUE	"=HYPERLINK(""https://caniuse.com/dialog"", ""Dialog element"")"
1.0.30001605	dispatchevent	EventTarget.dispatchEvent	TRUE	9/17/2012, 2:26:37 AM	FALSE	"=HYPERLINK(""https://caniuse.com/dispatchevent"", ""EventTarget.dispatchEvent"")"
1.0.30001605	dnssec	DNSSEC and DANE	TRUE	9/25/2017, 8:10:48 AM	FALSE	"=HYPERLINK(""https://caniuse.com/dnssec"", ""DNSSEC and DANE"")"
1.0.30001605	do-not-track	Do Not Track API	TRUE	9/17/2012, 2:26:37 AM	FALSE	"=HYPERLINK(""https://caniuse.com/do-not-track"", ""Do Not Track API"")"
1.0.30001605	document-currentscript	document.currentScript	TRUE	9/17/2012, 2:26:37 AM	FALSE	"=HYPERLINK(""https://caniuse.com/document-currentscript"", ""document.currentScript"")"
1.0.30001605	document-evaluate-xpath	document.evaluate & XPath	TRUE	9/17/2012, 2:26:37 AM	FALSE	"=HYPERLINK(""https://caniuse.com/document-evaluate-xpath"", ""document.evaluate & XPath"")"
1.0.30001605	document-execcommand	Document.execCommand()	TRUE	9/17/2012, 2:26:37 AM	FALSE	"=HYPERLINK(""https://caniuse.com/document-execcommand"", ""Document.execCommand()"")"
1.0.30001605	document-policy	Document Policy	TRUE	9/17/2012, 2:26:37 AM	FALSE	"=HYPERLINK(""https://caniuse.com/document-policy"", ""Document Policy"")"
1.0.30001605	document-scrollingelement	document.scrollingElement	TRUE	9/17/2012, 2:26:37 AM	FALSE	"=HYPERLINK(""https://caniuse.com/document-scrollingelement"", ""document.scrollingElement"")"
1.0.30001605	documenthead	document.head	TRUE	9/17/2012, 2:26:37 AM	FALSE	"=HYPERLINK(""https://caniuse.com/documenthead"", ""document.head"")"
1.0.30001605	dom-manip-convenience	DOM manipulation convenience methods	TRUE	9/17/2012, 2:26:37 AM	FALSE	"=HYPERLINK(""https://caniuse.com/dom-manip-convenience"", ""DOM manipulation convenience methods"")"
1.0.30001605	dom-range	Document Object Model Range	TRUE	9/17/2012, 2:26:37 AM	FALSE	"=HYPERLINK(""https://caniuse.com/dom-range"", ""Document Object Model Range"")"
1.0.30001605	domcontentloaded	DOMContentLoaded	TRUE	9/17/2012, 2:26:37 AM	FALSE	"=HYPERLINK(""https://caniuse.com/domcontentloaded"", ""DOMContentLoaded"")"
1.0.30001605	dommatrix	DOMMatrix	TRUE	9/17/2012, 2:26:37 AM	FALSE	"=HYPERLINK(""https://caniuse.com/dommatrix"", ""DOMMatrix"")"
1.0.30001605	download	Download attribute	TRUE	9/17/2012, 2:26:37 AM	FALSE	"=HYPERLINK(""https://caniuse.com/download"", ""Download attribute"")"
1.0.30001605	dragndrop	Drag and Drop	TRUE	9/17/2012, 2:26:37 AM	FALSE	"=HYPERLINK(""https://caniuse.com/dragndrop"", ""Drag and Drop"")"
1.0.30001605	element-closest	Element.closest()	TRUE	9/17/2012, 2:26:37 AM	FALSE	"=HYPERLINK(""https://caniuse.com/element-closest"", ""Element.closest()"")"
1.0.30001605	element-from-point	document.elementFromPoint()	TRUE	9/17/2012, 2:26:37 AM	FALSE	"=HYPERLINK(""https://caniuse.com/element-from-point"", ""document.elementFromPoint()"")"
1.0.30001605	element-scroll-methods	Scroll methods on elements (scroll, scrollTo, scrollBy)	TRUE	4/15/2015, 10:17:15 PM	FALSE	"=HYPERLINK(""https://caniuse.com/element-scroll-methods"", ""Scroll methods on elements (scroll, scrollTo, scrollBy)"")"
1.0.30001605	eme	Encrypted Media Extensions	TRUE	9/17/2012, 2:26:37 AM	FALSE	"=HYPERLINK(""https://caniuse.com/eme"", ""Encrypted Media Extensions"")"
1.0.30001605	eot	EOT - Embedded OpenType fonts	TRUE	9/17/2012, 2:26:37 AM	FALSE	"=HYPERLINK(""https://caniuse.com/eot"", ""EOT - Embedded OpenType fonts"")"
1.0.30001605	es5	ECMAScript 5	TRUE	8/1/2015, 7:13:09 AM	FALSE	"=HYPERLINK(""https://caniuse.com/es5"", ""ECMAScript 5"")"
1.0.30001605	es6-class	ES6 classes	TRUE	8/7/2013, 12:17:02 AM	TRUE	"=HYPERLINK(""https://caniuse.com/es6-class"", ""ES6 classes"")"
1.0.30001605	es6-generators	ES6 Generators	TRUE	9/17/2012, 2:26:37 AM	FALSE	"=HYPERLINK(""https://caniuse.com/es6-generators"", ""ES6 Generators"")"
1.0.30001605	es6-module-dynamic-import	JavaScript modules: dynamic import()	TRUE	9/17/2012, 2:26:37 AM	FALSE	"=HYPERLINK(""https://caniuse.com/es6-module-dynamic-import"", ""JavaScript modules: dynamic import()"")"
1.0.30001605	es6-module	JavaScript modules via script tag	TRUE	9/17/2012, 2:26:37 AM	TRUE	"=HYPERLINK(""https://caniuse.com/es6-module"", ""JavaScript modules via script tag"")"
1.0.30001605	es6-number	ES6 Number	TRUE	9/17/2012, 2:26:37 AM	FALSE	"=HYPERLINK(""https://caniuse.com/es6-number"", ""ES6 Number"")"
1.0.30001605	es6-string-includes	String.prototype.includes	TRUE	9/17/2012, 2:26:37 AM	FALSE	"=HYPERLINK(""https://caniuse.com/es6-string-includes"", ""String.prototype.includes"")"
1.0.30001605	es6	ECMAScript 2015 (ES6)	TRUE	3/13/2019, 6:29:07 AM	FALSE	"=HYPERLINK(""https://caniuse.com/es6"", ""ECMAScript 2015 (ES6)"")"
1.0.30001605	eventsource	Server-sent events	TRUE	9/17/2012, 2:26:37 AM	FALSE	"=HYPERLINK(""https://caniuse.com/eventsource"", ""Server-sent events"")"
1.0.30001605	extended-system-fonts	ui-serif, ui-sans-serif, ui-monospace and ui-rounded values for font-family	TRUE	9/17/2012, 2:26:37 AM	FALSE	"=HYPERLINK(""https://caniuse.com/extended-system-fonts"", ""ui-serif, ui-sans-serif, ui-monospace and ui-rounded values for font-family"")"
1.0.30001605	feature-policy	Feature Policy	TRUE	9/17/2012, 2:26:37 AM	FALSE	"=HYPERLINK(""https://caniuse.com/feature-policy"", ""Feature Policy"")"
1.0.30001605	fetch	Fetch	TRUE	9/17/2012, 2:26:37 AM	FALSE	"=HYPERLINK(""https://caniuse.com/fetch"", ""Fetch"")"
1.0.30001605	fieldset-disabled	disabled attribute of the fieldset element	TRUE	10/21/2013, 4:04:25 AM	FALSE	"=HYPERLINK(""https://caniuse.com/fieldset-disabled"", ""disabled attribute of the fieldset element"")"
1.0.30001605	fileapi	File API	TRUE	9/17/2012, 2:26:37 AM	FALSE	"=HYPERLINK(""https://caniuse.com/fileapi"", ""File API"")"
1.0.30001605	filereader	FileReader API	TRUE	9/17/2012, 2:26:37 AM	FALSE	"=HYPERLINK(""https://caniuse.com/filereader"", ""FileReader API"")"
1.0.30001605	filereadersync	FileReaderSync	TRUE	9/17/2012, 2:26:37 AM	FALSE	"=HYPERLINK(""https://caniuse.com/filereadersync"", ""FileReaderSync"")"
1.0.30001605	filesystem	Filesystem & FileWriter API	TRUE	9/17/2012, 2:26:37 AM	FALSE	"=HYPERLINK(""https://caniuse.com/filesystem"", ""Filesystem & FileWriter API"")"
1.0.30001605	flac	FLAC audio format	TRUE	10/21/2013, 4:04:25 AM	FALSE	"=HYPERLINK(""https://caniuse.com/flac"", ""FLAC audio format"")"
1.0.30001605	flexbox-gap	gap property for Flexbox	TRUE	9/17/2012, 2:26:37 AM	TRUE	"=HYPERLINK(""https://caniuse.com/flexbox-gap"", ""gap property for Flexbox"")"
1.0.30001605	flexbox	CSS Flexible Box Layout Module	TRUE	9/17/2012, 2:26:37 AM	TRUE	"=HYPERLINK(""https://caniuse.com/flexbox"", ""CSS Flexible Box Layout Module"")"
1.0.30001605	flow-root	display: flow-root	TRUE	9/17/2012, 2:26:37 AM	FALSE	"=HYPERLINK(""https://caniuse.com/flow-root"", ""display: flow-root"")"
1.0.30001605	focusin-focusout-events	focusin & focusout events	TRUE	9/17/2012, 2:26:37 AM	FALSE	"=HYPERLINK(""https://caniuse.com/focusin-focusout-events"", ""focusin & focusout events"")"
1.0.30001605	font-family-system-ui	system-ui value for font-family	TRUE	9/17/2012, 2:26:37 AM	FALSE	"=HYPERLINK(""https://caniuse.com/font-family-system-ui"", ""system-ui value for font-family"")"
1.0.30001605	font-feature	CSS font-feature-settings	TRUE	9/17/2012, 2:26:37 AM	FALSE	"=HYPERLINK(""https://caniuse.com/font-feature"", ""CSS font-feature-settings"")"
1.0.30001605	font-kerning	CSS3 font-kerning	TRUE	9/17/2012, 2:26:37 AM	FALSE	"=HYPERLINK(""https://caniuse.com/font-kerning"", ""CSS3 font-kerning"")"
1.0.30001605	font-loading	CSS Font Loading	TRUE	10/21/2013, 4:04:25 AM	FALSE	"=HYPERLINK(""https://caniuse.com/font-loading"", ""CSS Font Loading"")"
1.0.30001605	font-size-adjust	CSS font-size-adjust	TRUE	9/17/2012, 2:26:37 AM	FALSE	"=HYPERLINK(""https://caniuse.com/font-size-adjust"", ""CSS font-size-adjust"")"
1.0.30001605	font-smooth	CSS font-smooth	TRUE	3/26/2015, 6:09:38 PM	FALSE	"=HYPERLINK(""https://caniuse.com/font-smooth"", ""CSS font-smooth"")"
1.0.30001605	font-unicode-range	Font unicode-range subsetting	TRUE	9/3/2014, 4:23:23 AM	FALSE	"=HYPERLINK(""https://caniuse.com/font-unicode-range"", ""Font unicode-range subsetting"")"
1.0.30001605	font-variant-alternates	CSS font-variant-alternates	TRUE	5/21/2015, 1:28:07 PM	TRUE	"=HYPERLINK(""https://caniuse.com/font-variant-alternates"", ""CSS font-variant-alternates"")"
1.0.30001605	font-variant-numeric	CSS font-variant-numeric	TRUE	9/17/2012, 2:26:37 AM	FALSE	"=HYPERLINK(""https://caniuse.com/font-variant-numeric"", ""CSS font-variant-numeric"")"
1.0.30001605	fontface	@font-face Web fonts	TRUE	9/17/2012, 2:26:37 AM	TRUE	"=HYPERLINK(""https://caniuse.com/fontface"", ""@font-face Web fonts"")"
1.0.30001605	form-attribute	Form attribute	TRUE	9/17/2012, 2:26:37 AM	FALSE	"=HYPERLINK(""https://caniuse.com/form-attribute"", ""Form attribute"")"
1.0.30001605	form-submit-attributes	Attributes for form submission	TRUE	9/17/2012, 2:26:37 AM	FALSE	"=HYPERLINK(""https://caniuse.com/form-submit-attributes"", ""Attributes for form submission"")"
1.0.30001605	form-validation	Form validation	TRUE	9/17/2012, 2:26:37 AM	FALSE	"=HYPERLINK(""https://caniuse.com/form-validation"", ""Form validation"")"
1.0.30001605	forms	HTML5 form features	FALSE	9/17/2012, 2:26:37 AM	FALSE	
1.0.30001605	fullscreen	Fullscreen API	TRUE	9/17/2012, 2:26:37 AM	TRUE	"=HYPERLINK(""https://caniuse.com/fullscreen"", ""Fullscreen API"")"
1.0.30001605	gamepad	Gamepad API	TRUE	9/17/2012, 2:26:37 AM	FALSE	"=HYPERLINK(""https://caniuse.com/gamepad"", ""Gamepad API"")"
1.0.30001605	geolocation	Geolocation	TRUE	9/17/2012, 2:26:37 AM	FALSE	"=HYPERLINK(""https://caniuse.com/geolocation"", ""Geolocation"")"
1.0.30001605	getboundingclientrect	Element.getBoundingClientRect()	TRUE	7/5/2015, 12:39:26 AM	FALSE	"=HYPERLINK(""https://caniuse.com/getboundingclientrect"", ""Element.getBoundingClientRect()"")"
1.0.30001605	getcomputedstyle	getComputedStyle	TRUE	9/17/2012, 2:26:37 AM	FALSE	"=HYPERLINK(""https://caniuse.com/getcomputedstyle"", ""getComputedStyle"")"
1.0.30001605	getelementsbyclassname	getElementsByClassName	TRUE	9/17/2012, 2:26:37 AM	FALSE	"=HYPERLINK(""https://caniuse.com/getelementsbyclassname"", ""getElementsByClassName"")"
1.0.30001605	getrandomvalues	crypto.getRandomValues()	TRUE	9/17/2012, 2:26:37 AM	FALSE	"=HYPERLINK(""https://caniuse.com/getrandomvalues"", ""crypto.getRandomValues()"")"
1.0.30001605	gyroscope	Gyroscope	TRUE	9/17/2012, 2:26:37 AM	FALSE	"=HYPERLINK(""https://caniuse.com/gyroscope"", ""Gyroscope"")"
1.0.30001605	hardwareconcurrency	navigator.hardwareConcurrency	TRUE	9/17/2012, 2:26:37 AM	FALSE	"=HYPERLINK(""https://caniuse.com/hardwareconcurrency"", ""navigator.hardwareConcurrency"")"
1.0.30001605	hashchange	Hashchange event	TRUE	9/17/2012, 2:26:37 AM	FALSE	"=HYPERLINK(""https://caniuse.com/hashchange"", ""Hashchange event"")"
1.0.30001605	heif	HEIF/HEIC image format	TRUE	9/17/2012, 2:26:37 AM	FALSE	"=HYPERLINK(""https://caniuse.com/heif"", ""HEIF/HEIC image format"")"
1.0.30001605	hevc	HEVC/H.265 video format	TRUE	9/17/2012, 2:26:37 AM	FALSE	"=HYPERLINK(""https://caniuse.com/hevc"", ""HEVC/H.265 video format"")"
1.0.30001605	hidden	hidden attribute	TRUE	9/17/2012, 2:26:37 AM	FALSE	"=HYPERLINK(""https://caniuse.com/hidden"", ""hidden attribute"")"
1.0.30001605	high-resolution-time	High Resolution Time API	TRUE	9/17/2012, 2:26:37 AM	FALSE	"=HYPERLINK(""https://caniuse.com/high-resolution-time"", ""High Resolution Time API"")"
1.0.30001605	history	Session history management	TRUE	9/17/2012, 2:26:37 AM	FALSE	"=HYPERLINK(""https://caniuse.com/history"", ""Session history management"")"
1.0.30001605	html-media-capture	HTML Media Capture	TRUE	11/21/2016, 4:05:30 PM	TRUE	"=HYPERLINK(""https://caniuse.com/html-media-capture"", ""HTML Media Capture"")"
1.0.30001605	html5semantic	HTML5 semantic elements	TRUE	9/17/2012, 2:26:37 AM	FALSE	"=HYPERLINK(""https://caniuse.com/html5semantic"", ""HTML5 semantic elements"")"
1.0.30001605	http-live-streaming	HTTP Live Streaming (HLS)	TRUE	8/7/2013, 12:17:02 AM	FALSE	"=HYPERLINK(""https://caniuse.com/http-live-streaming"", ""HTTP Live Streaming (HLS)"")"
1.0.30001605	http2	HTTP/2 protocol	TRUE	9/17/2012, 2:26:37 AM	TRUE	"=HYPERLINK(""https://caniuse.com/http2"", ""HTTP/2 protocol"")"
1.0.30001605	http3	HTTP/3 protocol	TRUE	9/17/2012, 2:26:37 AM	TRUE	"=HYPERLINK(""https://caniuse.com/http3"", ""HTTP/3 protocol"")"
1.0.30001605	iframe-sandbox	sandbox attribute for iframes	TRUE	9/17/2012, 2:26:37 AM	FALSE	"=HYPERLINK(""https://caniuse.com/iframe-sandbox"", ""sandbox attribute for iframes"")"
1.0.30001605	iframe-seamless	seamless attribute for iframes	TRUE	9/17/2012, 2:26:37 AM	FALSE	"=HYPERLINK(""https://caniuse.com/iframe-seamless"", ""seamless attribute for iframes"")"
1.0.30001605	iframe-srcdoc	srcdoc attribute for iframes	TRUE	9/17/2012, 2:26:37 AM	FALSE	"=HYPERLINK(""https://caniuse.com/iframe-srcdoc"", ""srcdoc attribute for iframes"")"
1.0.30001605	imagecapture	ImageCapture API	TRUE	9/17/2012, 2:26:37 AM	FALSE	"=HYPERLINK(""https://caniuse.com/imagecapture"", ""ImageCapture API"")"
1.0.30001605	ime	Input Method Editor API	TRUE	8/7/2013, 12:17:02 AM	FALSE	"=HYPERLINK(""https://caniuse.com/ime"", ""Input Method Editor API"")"
1.0.30001605	img-naturalwidth-naturalheight	naturalWidth & naturalHeight image properties	TRUE	9/17/2012, 2:26:37 AM	FALSE	"=HYPERLINK(""https://caniuse.com/img-naturalwidth-naturalheight"", ""naturalWidth & naturalHeight image properties"")"
1.0.30001605	import-maps	Import maps	TRUE	9/17/2012, 2:26:37 AM	TRUE	"=HYPERLINK(""https://caniuse.com/import-maps"", ""Import maps"")"
1.0.30001605	imports	HTML Imports	TRUE	9/17/2012, 2:26:37 AM	FALSE	"=HYPERLINK(""https://caniuse.com/imports"", ""HTML Imports"")"
1.0.30001605	indeterminate-checkbox	indeterminate checkbox	TRUE	9/17/2012, 2:26:37 AM	FALSE	"=HYPERLINK(""https://caniuse.com/indeterminate-checkbox"", ""indeterminate checkbox"")"
1.0.30001605	indexeddb	IndexedDB	TRUE	9/17/2012, 2:26:37 AM	FALSE	"=HYPERLINK(""https://caniuse.com/indexeddb"", ""IndexedDB"")"
1.0.30001605	indexeddb2	IndexedDB 2.0	TRUE	4/15/2015, 10:17:15 PM	FALSE	"=HYPERLINK(""https://caniuse.com/indexeddb2"", ""IndexedDB 2.0"")"
1.0.30001605	inline-block	CSS inline-block	TRUE	9/17/2012, 2:26:37 AM	FALSE	"=HYPERLINK(""https://caniuse.com/inline-block"", ""CSS inline-block"")"
1.0.30001605	innertext	HTMLElement.innerText	TRUE	9/17/2012, 2:26:37 AM	FALSE	"=HYPERLINK(""https://caniuse.com/innertext"", ""HTMLElement.innerText"")"
1.0.30001605	input-autocomplete-onoff	autocomplete attribute: on & off values	TRUE	9/17/2012, 2:26:37 AM	FALSE	"=HYPERLINK(""https://caniuse.com/input-autocomplete-onoff"", ""autocomplete attribute: on & off values"")"
1.0.30001605	input-color	Color input type	TRUE	9/17/2012, 2:26:37 AM	FALSE	"=HYPERLINK(""https://caniuse.com/input-color"", ""Color input type"")"
1.0.30001605	input-datetime	Date and time input types	TRUE	9/17/2012, 2:26:37 AM	FALSE	"=HYPERLINK(""https://caniuse.com/input-datetime"", ""Date and time input types"")"
1.0.30001605	input-email-tel-url	Email, telephone & URL input types	TRUE	9/17/2012, 2:26:37 AM	FALSE	"=HYPERLINK(""https://caniuse.com/input-email-tel-url"", ""Email, telephone & URL input types"")"
1.0.30001605	input-event	input event	TRUE	10/9/2015, 9:09:09 AM	TRUE	"=HYPERLINK(""https://caniuse.com/input-event"", ""input event"")"
1.0.30001605	input-file-accept	accept attribute for file input	TRUE	9/25/2015, 8:03:54 AM	FALSE	"=HYPERLINK(""https://caniuse.com/input-file-accept"", ""accept attribute for file input"")"
1.0.30001605	input-file-directory	Directory selection from file input	TRUE	9/17/2012, 2:26:37 AM	FALSE	"=HYPERLINK(""https://caniuse.com/input-file-directory"", ""Directory selection from file input"")"
1.0.30001605	input-file-multiple	Multiple file selection	TRUE	9/17/2012, 2:26:37 AM	FALSE	"=HYPERLINK(""https://caniuse.com/input-file-multiple"", ""Multiple file selection"")"
1.0.30001605	input-inputmode	inputmode attribute	TRUE	9/17/2012, 2:26:37 AM	FALSE	"=HYPERLINK(""https://caniuse.com/input-inputmode"", ""inputmode attribute"")"
1.0.30001605	input-minlength	Minimum length attribute for input fields	TRUE	9/17/2012, 2:26:37 AM	FALSE	"=HYPERLINK(""https://caniuse.com/input-minlength"", ""Minimum length attribute for input fields"")"
1.0.30001605	input-number	Number input type	TRUE	9/17/2012, 2:26:37 AM	FALSE	"=HYPERLINK(""https://caniuse.com/input-number"", ""Number input type"")"
1.0.30001605	input-pattern	Pattern attribute for input fields	TRUE	9/17/2012, 2:26:37 AM	FALSE	"=HYPERLINK(""https://caniuse.com/input-pattern"", ""Pattern attribute for input fields"")"
1.0.30001605	input-placeholder	input placeholder attribute	TRUE	9/17/2012, 2:26:37 AM	FALSE	"=HYPERLINK(""https://caniuse.com/input-placeholder"", ""input placeholder attribute"")"
1.0.30001605	input-range	Range input type	TRUE	9/17/2012, 2:26:37 AM	FALSE	"=HYPERLINK(""https://caniuse.com/input-range"", ""Range input type"")"
1.0.30001605	input-search	Search input type	TRUE	10/9/2015, 11:19:01 AM	TRUE	"=HYPERLINK(""https://caniuse.com/input-search"", ""Search input type"")"
1.0.30001605	input-selection	Selection controls for input & textarea	TRUE	9/17/2012, 2:26:37 AM	FALSE	"=HYPERLINK(""https://caniuse.com/input-selection"", ""Selection controls for input & textarea"")"
1.0.30001605	insert-adjacent	Element.insertAdjacentElement() & Element.insertAdjacentText()	TRUE	9/17/2012, 2:26:37 AM	FALSE	"=HYPERLINK(""https://caniuse.com/insert-adjacent"", ""Element.insertAdjacentElement() & Element.insertAdjacentText()"")"
1.0.30001605	insertadjacenthtml	Element.insertAdjacentHTML()	TRUE	9/17/2012, 2:26:37 AM	FALSE	"=HYPERLINK(""https://caniuse.com/insertadjacenthtml"", ""Element.insertAdjacentHTML()"")"
1.0.30001605	internationalization	Internationalization API	TRUE	9/17/2012, 2:26:37 AM	FALSE	"=HYPERLINK(""https://caniuse.com/internationalization"", ""Internationalization API"")"
1.0.30001605	intersectionobserver-v2	IntersectionObserver V2	TRUE	9/17/2012, 2:26:37 AM	TRUE	"=HYPERLINK(""https://caniuse.com/intersectionobserver-v2"", ""IntersectionObserver V2"")"
1.0.30001605	intersectionobserver	IntersectionObserver	TRUE	9/17/2012, 2:26:37 AM	TRUE	"=HYPERLINK(""https://caniuse.com/intersectionobserver"", ""IntersectionObserver"")"
1.0.30001605	intl-pluralrules	Intl.PluralRules API	TRUE	9/17/2012, 2:26:37 AM	FALSE	"=HYPERLINK(""https://caniuse.com/intl-pluralrules"", ""Intl.PluralRules API"")"
1.0.30001605	intrinsic-width	Intrinsic & Extrinsic Sizing	TRUE	9/17/2012, 2:26:37 AM	FALSE	"=HYPERLINK(""https://caniuse.com/intrinsic-width"", ""Intrinsic & Extrinsic Sizing"")"
1.0.30001605	jpeg2000	JPEG 2000 image format	TRUE	8/7/2013, 12:17:02 AM	FALSE	"=HYPERLINK(""https://caniuse.com/jpeg2000"", ""JPEG 2000 image format"")"
1.0.30001605	jpegxl	JPEG XL image format	TRUE	9/17/2012, 2:26:37 AM	TRUE	"=HYPERLINK(""https://caniuse.com/jpegxl"", ""JPEG XL image format"")"
1.0.30001605	jpegxr	JPEG XR image format	TRUE	9/17/2012, 2:26:37 AM	FALSE	"=HYPERLINK(""https://caniuse.com/jpegxr"", ""JPEG XR image format"")"
1.0.30001605	js-regexp-lookbehind	Lookbehind in JS regular expressions	TRUE	9/17/2012, 2:26:37 AM	FALSE	"=HYPERLINK(""https://caniuse.com/js-regexp-lookbehind"", ""Lookbehind in JS regular expressions"")"
1.0.30001605	json	JSON parsing	TRUE	9/17/2012, 2:26:37 AM	FALSE	"=HYPERLINK(""https://caniuse.com/json"", ""JSON parsing"")"
1.0.30001605	justify-content-space-evenly	CSS justify-content: space-evenly	TRUE	9/17/2012, 2:26:37 AM	FALSE	"=HYPERLINK(""https://caniuse.com/justify-content-space-evenly"", ""CSS justify-content: space-evenly"")"
1.0.30001605	kerning-pairs-ligatures	High-quality kerning pairs & ligatures	TRUE	9/17/2012, 2:26:37 AM	FALSE	"=HYPERLINK(""https://caniuse.com/kerning-pairs-ligatures"", ""High-quality kerning pairs & ligatures"")"
1.0.30001605	keyboardevent-charcode	KeyboardEvent.charCode	TRUE	9/17/2012, 2:26:37 AM	FALSE	"=HYPERLINK(""https://caniuse.com/keyboardevent-charcode"", ""KeyboardEvent.charCode"")"
1.0.30001605	keyboardevent-code	KeyboardEvent.code	TRUE	9/17/2012, 2:26:37 AM	FALSE	"=HYPERLINK(""https://caniuse.com/keyboardevent-code"", ""KeyboardEvent.code"")"
1.0.30001605	keyboardevent-getmodifierstate	KeyboardEvent.getModifierState()	TRUE	9/17/2012, 2:26:37 AM	FALSE	"=HYPERLINK(""https://caniuse.com/keyboardevent-getmodifierstate"", ""KeyboardEvent.getModifierState()"")"
1.0.30001605	keyboardevent-key	KeyboardEvent.key	TRUE	9/17/2012, 2:26:37 AM	FALSE	"=HYPERLINK(""https://caniuse.com/keyboardevent-key"", ""KeyboardEvent.key"")"
1.0.30001605	keyboardevent-location	KeyboardEvent.location	TRUE	9/17/2012, 2:26:37 AM	FALSE	"=HYPERLINK(""https://caniuse.com/keyboardevent-location"", ""KeyboardEvent.location"")"
1.0.30001605	keyboardevent-which	KeyboardEvent.which	TRUE	9/17/2012, 2:26:37 AM	FALSE	"=HYPERLINK(""https://caniuse.com/keyboardevent-which"", ""KeyboardEvent.which"")"
1.0.30001605	lazyload	Resource Hints: Lazyload	TRUE	9/17/2012, 2:26:37 AM	FALSE	"=HYPERLINK(""https://caniuse.com/lazyload"", ""Resource Hints: Lazyload"")"
1.0.30001605	let	let	TRUE	8/30/2015, 5:09:53 AM	FALSE	"=HYPERLINK(""https://caniuse.com/let"", ""let"")"
1.0.30001605	link-icon-png	PNG favicons	TRUE	9/23/2014, 6:03:12 AM	FALSE	"=HYPERLINK(""https://caniuse.com/link-icon-png"", ""PNG favicons"")"
1.0.30001605	link-icon-svg	SVG favicons	TRUE	9/17/2012, 2:26:37 AM	FALSE	"=HYPERLINK(""https://caniuse.com/link-icon-svg"", ""SVG favicons"")"
1.0.30001605	link-rel-dns-prefetch	Resource Hints: dns-prefetch	TRUE	9/17/2012, 2:26:37 AM	FALSE	"=HYPERLINK(""https://caniuse.com/link-rel-dns-prefetch"", ""Resource Hints: dns-prefetch"")"
1.0.30001605	link-rel-modulepreload	Resource Hints: modulepreload	TRUE	7/12/2019, 1:02:49 AM	TRUE	"=HYPERLINK(""https://caniuse.com/link-rel-modulepreload"", ""Resource Hints: modulepreload"")"
1.0.30001605	link-rel-preconnect	Resource Hints: preconnect	TRUE	9/17/2012, 2:26:37 AM	FALSE	"=HYPERLINK(""https://caniuse.com/link-rel-preconnect"", ""Resource Hints: preconnect"")"
1.0.30001605	link-rel-prefetch	Resource Hints: prefetch	TRUE	9/17/2012, 2:26:37 AM	FALSE	"=HYPERLINK(""https://caniuse.com/link-rel-prefetch"", ""Resource Hints: prefetch"")"
1.0.30001605	link-rel-preload	Resource Hints: preload	TRUE	9/17/2012, 2:26:37 AM	FALSE	"=HYPERLINK(""https://caniuse.com/link-rel-preload"", ""Resource Hints: preload"")"
1.0.30001605	link-rel-prerender	Resource Hints: prerender	TRUE	9/17/2012, 2:26:37 AM	FALSE	"=HYPERLINK(""https://caniuse.com/link-rel-prerender"", ""Resource Hints: prerender"")"
1.0.30001605	loading-lazy-attr	Lazy loading via attribute for images & iframes	TRUE	9/17/2012, 2:26:37 AM	FALSE	"=HYPERLINK(""https://caniuse.com/loading-lazy-attr"", ""Lazy loading via attribute for images & iframes"")"
1.0.30001605	localecompare	localeCompare()	TRUE	9/17/2012, 2:26:37 AM	FALSE	"=HYPERLINK(""https://caniuse.com/localecompare"", ""localeCompare()"")"
1.0.30001605	magnetometer	Magnetometer	TRUE	9/17/2012, 2:26:37 AM	FALSE	"=HYPERLINK(""https://caniuse.com/magnetometer"", ""Magnetometer"")"
1.0.30001605	matchesselector	matches() DOM method	TRUE	9/17/2012, 2:26:37 AM	FALSE	"=HYPERLINK(""https://caniuse.com/matchesselector"", ""matches() DOM method"")"
1.0.30001605	matchmedia	matchMedia	TRUE	9/17/2012, 2:26:37 AM	FALSE	"=HYPERLINK(""https://caniuse.com/matchmedia"", ""matchMedia"")"
1.0.30001605	mathml	MathML	TRUE	9/17/2012, 2:26:37 AM	TRUE	"=HYPERLINK(""https://caniuse.com/mathml"", ""MathML"")"
1.0.30001605	maxlength	maxlength attribute for input and textarea elements	TRUE	9/11/2015, 10:16:56 AM	FALSE	"=HYPERLINK(""https://caniuse.com/maxlength"", ""maxlength attribute for input and textarea elements"")"
1.0.30001605	media-fragments	Media Fragments	TRUE	9/25/2017, 8:10:48 AM	FALSE	"=HYPERLINK(""https://caniuse.com/media-fragments"", ""Media Fragments"")"
1.0.30001605	mediacapture-fromelement	Media Capture from DOM Elements API	TRUE	9/17/2012, 2:26:37 AM	FALSE	"=HYPERLINK(""https://caniuse.com/mediacapture-fromelement"", ""Media Capture from DOM Elements API"")"
1.0.30001605	mediarecorder	MediaRecorder API	TRUE	9/17/2012, 2:26:37 AM	FALSE	"=HYPERLINK(""https://caniuse.com/mediarecorder"", ""MediaRecorder API"")"
1.0.30001605	mediasource	Media Source Extensions	TRUE	9/17/2012, 2:26:37 AM	FALSE	"=HYPERLINK(""https://caniuse.com/mediasource"", ""Media Source Extensions"")"
1.0.30001605	menu	Context menu item (menuitem element)	TRUE	9/17/2012, 2:26:37 AM	FALSE	"=HYPERLINK(""https://caniuse.com/menu"", ""Context menu item (menuitem element)"")"
1.0.30001605	meta-theme-color	theme-color Meta Tag	TRUE	9/17/2012, 2:26:37 AM	FALSE	"=HYPERLINK(""https://caniuse.com/meta-theme-color"", ""theme-color Meta Tag"")"
1.0.30001605	meter	meter element	TRUE	9/17/2012, 2:26:37 AM	FALSE	"=HYPERLINK(""https://caniuse.com/meter"", ""meter element"")"
1.0.30001605	midi	Web MIDI API	TRUE	8/7/2013, 12:17:02 AM	TRUE	"=HYPERLINK(""https://caniuse.com/midi"", ""Web MIDI API"")"
1.0.30001605	minmaxwh	CSS min/max-width/height	TRUE	9/17/2012, 2:26:37 AM	FALSE	"=HYPERLINK(""https://caniuse.com/minmaxwh"", ""CSS min/max-width/height"")"
1.0.30001605	mp3	MP3 audio format	TRUE	9/17/2012, 2:26:37 AM	FALSE	"=HYPERLINK(""https://caniuse.com/mp3"", ""MP3 audio format"")"
1.0.30001605	mpeg-dash	Dynamic Adaptive Streaming over HTTP (MPEG-DASH)	TRUE	9/17/2012, 2:26:37 AM	FALSE	"=HYPERLINK(""https://caniuse.com/mpeg-dash"", ""Dynamic Adaptive Streaming over HTTP (MPEG-DASH)"")"
1.0.30001605	mpeg4	MPEG-4/H.264 video format	TRUE	9/17/2012, 2:26:37 AM	FALSE	"=HYPERLINK(""https://caniuse.com/mpeg4"", ""MPEG-4/H.264 video format"")"
1.0.30001605	multibackgrounds	CSS3 Multiple backgrounds	TRUE	9/17/2012, 2:26:37 AM	FALSE	"=HYPERLINK(""https://caniuse.com/multibackgrounds"", ""CSS3 Multiple backgrounds"")"
1.0.30001605	multicolumn	CSS3 Multiple column layout	TRUE	9/17/2012, 2:26:37 AM	FALSE	"=HYPERLINK(""https://caniuse.com/multicolumn"", ""CSS3 Multiple column layout"")"
1.0.30001605	mutation-events	Mutation events	TRUE	10/21/2013, 4:04:25 AM	FALSE	"=HYPERLINK(""https://caniuse.com/mutation-events"", ""Mutation events"")"
1.0.30001605	mutationobserver	Mutation Observer	TRUE	9/17/2012, 2:26:37 AM	FALSE	"=HYPERLINK(""https://caniuse.com/mutationobserver"", ""Mutation Observer"")"
1.0.30001605	namevalue-storage	Web Storage - name/value pairs	TRUE	9/17/2012, 2:26:37 AM	FALSE	"=HYPERLINK(""https://caniuse.com/namevalue-storage"", ""Web Storage - name/value pairs"")"
1.0.30001605	native-filesystem-api	File System Access API	TRUE	9/17/2012, 2:26:37 AM	FALSE	"=HYPERLINK(""https://caniuse.com/native-filesystem-api"", ""File System Access API"")"
1.0.30001605	nav-timing	Navigation Timing API	TRUE	9/17/2012, 2:26:37 AM	FALSE	"=HYPERLINK(""https://caniuse.com/nav-timing"", ""Navigation Timing API"")"
1.0.30001605	netinfo	Network Information API	TRUE	8/7/2013, 12:17:02 AM	FALSE	"=HYPERLINK(""https://caniuse.com/netinfo"", ""Network Information API"")"
1.0.30001605	notifications	Web Notifications	TRUE	9/17/2012, 2:26:37 AM	FALSE	"=HYPERLINK(""https://caniuse.com/notifications"", ""Web Notifications"")"
1.0.30001605	object-entries	Object.entries	TRUE	11/5/2016, 1:56:28 PM	FALSE	"=HYPERLINK(""https://caniuse.com/object-entries"", ""Object.entries"")"
1.0.30001605	object-fit	CSS3 object-fit/object-position	TRUE	9/17/2012, 2:26:37 AM	FALSE	"=HYPERLINK(""https://caniuse.com/object-fit"", ""CSS3 object-fit/object-position"")"
1.0.30001605	object-observe	Object.observe data binding	TRUE	9/17/2012, 2:26:37 AM	FALSE	"=HYPERLINK(""https://caniuse.com/object-observe"", ""Object.observe data binding"")"
1.0.30001605	object-values	Object.values method	TRUE	9/17/2012, 2:26:37 AM	FALSE	"=HYPERLINK(""https://caniuse.com/object-values"", ""Object.values method"")"
1.0.30001605	objectrtc	Object RTC (ORTC) API for WebRTC	TRUE	9/17/2012, 2:26:37 AM	FALSE	"=HYPERLINK(""https://caniuse.com/objectrtc"", ""Object RTC (ORTC) API for WebRTC"")"
1.0.30001605	offline-apps	Offline web applications	TRUE	9/17/2012, 2:26:37 AM	FALSE	"=HYPERLINK(""https://caniuse.com/offline-apps"", ""Offline web applications"")"
1.0.30001605	offscreencanvas	OffscreenCanvas	TRUE	9/17/2012, 2:26:37 AM	TRUE	"=HYPERLINK(""https://caniuse.com/offscreencanvas"", ""OffscreenCanvas"")"
1.0.30001605	ogg-vorbis	Ogg Vorbis audio format	TRUE	9/17/2012, 2:26:37 AM	FALSE	"=HYPERLINK(""https://caniuse.com/ogg-vorbis"", ""Ogg Vorbis audio format"")"
1.0.30001605	ogv	Ogg/Theora video format	TRUE	9/17/2012, 2:26:37 AM	FALSE	"=HYPERLINK(""https://caniuse.com/ogv"", ""Ogg/Theora video format"")"
1.0.30001605	ol-reversed	Reversed attribute of ordered lists	TRUE	9/17/2012, 2:26:37 AM	FALSE	"=HYPERLINK(""https://caniuse.com/ol-reversed"", ""Reversed attribute of ordered lists"")"
1.0.30001605	once-event-listener	"""once"" event listener option"	TRUE	9/17/2012, 2:26:37 AM	FALSE	"=HYPERLINK(""https://caniuse.com/once-event-listener"", """"""once"""" event listener option"")"
1.0.30001605	online-status	Online/offline status	TRUE	9/17/2012, 2:26:37 AM	FALSE	"=HYPERLINK(""https://caniuse.com/online-status"", ""Online/offline status"")"
1.0.30001605	opus	Opus audio format	TRUE	9/17/2012, 2:26:37 AM	FALSE	"=HYPERLINK(""https://caniuse.com/opus"", ""Opus audio format"")"
1.0.30001605	orientation-sensor	Orientation Sensor	TRUE	9/17/2012, 2:26:37 AM	FALSE	"=HYPERLINK(""https://caniuse.com/orientation-sensor"", ""Orientation Sensor"")"
1.0.30001605	outline	CSS outline properties	TRUE	11/28/2012, 12:08:55 AM	FALSE	"=HYPERLINK(""https://caniuse.com/outline"", ""CSS outline properties"")"
1.0.30001605	pad-start-end	String.prototype.padStart(), String.prototype.padEnd()	TRUE	9/17/2012, 2:26:37 AM	FALSE	"=HYPERLINK(""https://caniuse.com/pad-start-end"", ""String.prototype.padStart(), String.prototype.padEnd()"")"
1.0.30001605	page-transition-events	PageTransitionEvent	TRUE	9/17/2012, 2:26:37 AM	FALSE	"=HYPERLINK(""https://caniuse.com/page-transition-events"", ""PageTransitionEvent"")"
1.0.30001605	pagevisibility	Page Visibility	TRUE	9/17/2012, 2:26:37 AM	FALSE	"=HYPERLINK(""https://caniuse.com/pagevisibility"", ""Page Visibility"")"
1.0.30001605	passive-event-listener	Passive event listeners	TRUE	4/15/2015, 10:17:15 PM	FALSE	"=HYPERLINK(""https://caniuse.com/passive-event-listener"", ""Passive event listeners"")"
1.0.30001605	passkeys	Passkeys	TRUE	6/10/2023, 7:25:19 AM	FALSE	"=HYPERLINK(""https://caniuse.com/passkeys"", ""Passkeys"")"
1.0.30001605	passwordrules	Password Rules	FALSE	9/17/2012, 2:26:37 AM	FALSE	
1.0.30001605	path2d	Path2D	TRUE	9/17/2012, 2:26:37 AM	FALSE	"=HYPERLINK(""https://caniuse.com/path2d"", ""Path2D"")"
1.0.30001605	payment-request	Payment Request API	TRUE	9/17/2012, 2:26:37 AM	FALSE	"=HYPERLINK(""https://caniuse.com/payment-request"", ""Payment Request API"")"
1.0.30001605	pdf-viewer	Built-in PDF viewer	TRUE	9/17/2012, 2:26:37 AM	FALSE	"=HYPERLINK(""https://caniuse.com/pdf-viewer"", ""Built-in PDF viewer"")"
1.0.30001605	permissions-api	Permissions API	TRUE	4/15/2015, 10:17:15 PM	FALSE	"=HYPERLINK(""https://caniuse.com/permissions-api"", ""Permissions API"")"
1.0.30001605	permissions-policy	Permissions Policy	TRUE	9/17/2012, 2:26:37 AM	FALSE	"=HYPERLINK(""https://caniuse.com/permissions-policy"", ""Permissions Policy"")"
1.0.30001605	picture-in-picture	Picture-in-Picture	TRUE	9/17/2012, 2:26:37 AM	TRUE	"=HYPERLINK(""https://caniuse.com/picture-in-picture"", ""Picture-in-Picture"")"
1.0.30001605	picture	Picture element	TRUE	9/17/2012, 2:26:37 AM	FALSE	"=HYPERLINK(""https://caniuse.com/picture"", ""Picture element"")"
1.0.30001605	ping	Ping attribute	TRUE	8/7/2013, 12:17:02 AM	FALSE	"=HYPERLINK(""https://caniuse.com/ping"", ""Ping attribute"")"
1.0.30001605	png-alpha	PNG alpha transparency	TRUE	9/17/2012, 2:26:37 AM	FALSE	"=HYPERLINK(""https://caniuse.com/png-alpha"", ""PNG alpha transparency"")"
1.0.30001605	pointer-events	CSS pointer-events (for HTML)	TRUE	9/17/2012, 2:26:37 AM	FALSE	"=HYPERLINK(""https://caniuse.com/pointer-events"", ""CSS pointer-events (for HTML)"")"
1.0.30001605	pointer	Pointer events	TRUE	5/26/2013, 11:35:14 AM	FALSE	"=HYPERLINK(""https://caniuse.com/pointer"", ""Pointer events"")"
1.0.30001605	pointerlock	Pointer Lock API	TRUE	9/17/2012, 2:26:37 AM	TRUE	"=HYPERLINK(""https://caniuse.com/pointerlock"", ""Pointer Lock API"")"
1.0.30001605	portals	Portals	TRUE	9/17/2012, 2:26:37 AM	FALSE	"=HYPERLINK(""https://caniuse.com/portals"", ""Portals"")"
1.0.30001605	prefers-color-scheme	prefers-color-scheme media query	TRUE	9/17/2012, 2:26:37 AM	FALSE	"=HYPERLINK(""https://caniuse.com/prefers-color-scheme"", ""prefers-color-scheme media query"")"
1.0.30001605	prefers-reduced-motion	prefers-reduced-motion media query	TRUE	9/17/2012, 2:26:37 AM	FALSE	"=HYPERLINK(""https://caniuse.com/prefers-reduced-motion"", ""prefers-reduced-motion media query"")"
1.0.30001605	progress	progress element	TRUE	9/17/2012, 2:26:37 AM	FALSE	"=HYPERLINK(""https://caniuse.com/progress"", ""progress element"")"
1.0.30001605	promise-finally	Promise.prototype.finally	TRUE	9/17/2012, 2:26:37 AM	TRUE	"=HYPERLINK(""https://caniuse.com/promise-finally"", ""Promise.prototype.finally"")"
1.0.30001605	promises	Promises	TRUE	9/17/2012, 2:26:37 AM	TRUE	"=HYPERLINK(""https://caniuse.com/promises"", ""Promises"")"
1.0.30001605	proximity	Proximity API	TRUE	9/17/2012, 2:26:37 AM	FALSE	"=HYPERLINK(""https://caniuse.com/proximity"", ""Proximity API"")"
1.0.30001605	proxy	Proxy object	TRUE	9/17/2012, 2:26:37 AM	FALSE	"=HYPERLINK(""https://caniuse.com/proxy"", ""Proxy object"")"
1.0.30001605	publickeypinning	HTTP Public Key Pinning	TRUE	9/17/2012, 2:26:37 AM	FALSE	"=HYPERLINK(""https://caniuse.com/publickeypinning"", ""HTTP Public Key Pinning"")"
1.0.30001605	push-api	Push API	TRUE	9/17/2012, 2:26:37 AM	FALSE	"=HYPERLINK(""https://caniuse.com/push-api"", ""Push API"")"
1.0.30001605	queryselector	querySelector/querySelectorAll	TRUE	9/17/2012, 2:26:37 AM	FALSE	"=HYPERLINK(""https://caniuse.com/queryselector"", ""querySelector/querySelectorAll"")"
1.0.30001605	readonly-attr	readonly attribute of input and textarea elements	TRUE	9/17/2012, 2:26:37 AM	FALSE	"=HYPERLINK(""https://caniuse.com/readonly-attr"", ""readonly attribute of input and textarea elements"")"
1.0.30001605	referrer-policy	Referrer Policy	TRUE	9/17/2012, 2:26:37 AM	FALSE	"=HYPERLINK(""https://caniuse.com/referrer-policy"", ""Referrer Policy"")"
1.0.30001605	registerprotocolhandler	Custom protocol handling	TRUE	9/17/2012, 2:26:37 AM	FALSE	"=HYPERLINK(""https://caniuse.com/registerprotocolhandler"", ""Custom protocol handling"")"
1.0.30001605	rel-noopener	rel=noopener	TRUE	4/15/2015, 10:17:15 PM	FALSE	"=HYPERLINK(""https://caniuse.com/rel-noopener"", ""rel=noopener"")"
1.0.30001605	rel-noreferrer	"Link type ""noreferrer"""	TRUE	9/17/2012, 2:26:37 AM	FALSE	"=HYPERLINK(""https://caniuse.com/rel-noreferrer"", ""Link type """"noreferrer"""""")"
1.0.30001605	rellist	relList (DOMTokenList)	TRUE	9/17/2012, 2:26:37 AM	FALSE	"=HYPERLINK(""https://caniuse.com/rellist"", ""relList (DOMTokenList)"")"
1.0.30001605	rem	rem (root em) units	TRUE	9/17/2012, 2:26:37 AM	FALSE	"=HYPERLINK(""https://caniuse.com/rem"", ""rem (root em) units"")"
1.0.30001605	requestanimationframe	requestAnimationFrame	TRUE	9/17/2012, 2:26:37 AM	FALSE	"=HYPERLINK(""https://caniuse.com/requestanimationframe"", ""requestAnimationFrame"")"
1.0.30001605	requestidlecallback	requestIdleCallback	TRUE	4/15/2015, 10:17:15 PM	FALSE	"=HYPERLINK(""https://caniuse.com/requestidlecallback"", ""requestIdleCallback"")"
1.0.30001605	resizeobserver	Resize Observer	TRUE	9/17/2012, 2:26:37 AM	FALSE	"=HYPERLINK(""https://caniuse.com/resizeobserver"", ""Resize Observer"")"
1.0.30001605	resource-timing	Resource Timing (basic support)	TRUE	9/17/2012, 2:26:37 AM	FALSE	"=HYPERLINK(""https://caniuse.com/resource-timing"", ""Resource Timing (basic support)"")"
1.0.30001605	rest-parameters	Rest parameters	TRUE	9/17/2012, 2:26:37 AM	FALSE	"=HYPERLINK(""https://caniuse.com/rest-parameters"", ""Rest parameters"")"
1.0.30001605	rtcpeerconnection	WebRTC Peer-to-peer connections	TRUE	9/17/2012, 2:26:37 AM	FALSE	"=HYPERLINK(""https://caniuse.com/rtcpeerconnection"", ""WebRTC Peer-to-peer connections"")"
1.0.30001605	ruby	Ruby annotation	TRUE	9/17/2012, 2:26:37 AM	FALSE	"=HYPERLINK(""https://caniuse.com/ruby"", ""Ruby annotation"")"
1.0.30001605	run-in	display: run-in	TRUE	8/7/2013, 12:17:02 AM	FALSE	"=HYPERLINK(""https://caniuse.com/run-in"", ""display: run-in"")"
1.0.30001605	same-site-cookie-attribute	'SameSite' cookie attribute	TRUE	9/17/2012, 2:26:37 AM	FALSE	"=HYPERLINK(""https://caniuse.com/same-site-cookie-attribute"", ""'SameSite' cookie attribute"")"
1.0.30001605	screen-orientation	Screen Orientation	TRUE	9/17/2012, 2:26:37 AM	FALSE	"=HYPERLINK(""https://caniuse.com/screen-orientation"", ""Screen Orientation"")"
1.0.30001605	script-async	async attribute for external scripts	TRUE	9/17/2012, 2:26:37 AM	FALSE	"=HYPERLINK(""https://caniuse.com/script-async"", ""async attribute for external scripts"")"
1.0.30001605	script-defer	defer attribute for external scripts	TRUE	9/17/2012, 2:26:37 AM	FALSE	"=HYPERLINK(""https://caniuse.com/script-defer"", ""defer attribute for external scripts"")"
1.0.30001605	scrollintoview	scrollIntoView	TRUE	2/23/2016, 6:39:51 AM	TRUE	"=HYPERLINK(""https://caniuse.com/scrollintoview"", ""scrollIntoView"")"
1.0.30001605	scrollintoviewifneeded	Element.scrollIntoViewIfNeeded()	TRUE	9/17/2012, 2:26:37 AM	FALSE	"=HYPERLINK(""https://caniuse.com/scrollintoviewifneeded"", ""Element.scrollIntoViewIfNeeded()"")"
1.0.30001605	sdch	SDCH Accept-Encoding/Content-Encoding	TRUE	9/17/2012, 2:26:37 AM	FALSE	"=HYPERLINK(""https://caniuse.com/sdch"", ""SDCH Accept-Encoding/Content-Encoding"")"
1.0.30001605	selection-api	Selection API	TRUE	9/17/2012, 2:26:37 AM	FALSE	"=HYPERLINK(""https://caniuse.com/selection-api"", ""Selection API"")"
1.0.30001605	selectlist	Selectlist - Customizable select element	TRUE	9/17/2012, 2:26:37 AM	FALSE	"=HYPERLINK(""https://caniuse.com/selectlist"", ""Selectlist - Customizable select element"")"
1.0.30001605	server-timing	Server Timing	TRUE	9/17/2012, 2:26:37 AM	TRUE	"=HYPERLINK(""https://caniuse.com/server-timing"", ""Server Timing"")"
1.0.30001605	serviceworkers	Service Workers	TRUE	9/17/2012, 2:26:37 AM	FALSE	"=HYPERLINK(""https://caniuse.com/serviceworkers"", ""Service Workers"")"
1.0.30001605	setimmediate	Efficient Script Yielding: setImmediate()	TRUE	9/17/2012, 2:26:37 AM	FALSE	"=HYPERLINK(""https://caniuse.com/setimmediate"", ""Efficient Script Yielding: setImmediate()"")"
1.0.30001605	shadowdom	Shadow DOM (deprecated V0 spec)	TRUE	9/17/2012, 2:26:37 AM	FALSE	"=HYPERLINK(""https://caniuse.com/shadowdom"", ""Shadow DOM (deprecated V0 spec)"")"
1.0.30001605	shadowdomv1	Shadow DOM (V1)	TRUE	9/17/2012, 2:26:37 AM	TRUE	"=HYPERLINK(""https://caniuse.com/shadowdomv1"", ""Shadow DOM (V1)"")"
1.0.30001605	sharedarraybuffer	Shared Array Buffer	TRUE	9/17/2012, 2:26:37 AM	FALSE	"=HYPERLINK(""https://caniuse.com/sharedarraybuffer"", ""Shared Array Buffer"")"
1.0.30001605	sharedworkers	Shared Web Workers	TRUE	9/17/2012, 2:26:37 AM	FALSE	"=HYPERLINK(""https://caniuse.com/sharedworkers"", ""Shared Web Workers"")"
1.0.30001605	sni	Server Name Indication	TRUE	9/17/2012, 2:26:37 AM	FALSE	"=HYPERLINK(""https://caniuse.com/sni"", ""Server Name Indication"")"
1.0.30001605	spdy	SPDY protocol	TRUE	9/17/2012, 2:26:37 AM	FALSE	"=HYPERLINK(""https://caniuse.com/spdy"", ""SPDY protocol"")"
1.0.30001605	speech-recognition	Speech Recognition API	TRUE	9/17/2012, 2:26:37 AM	TRUE	"=HYPERLINK(""https://caniuse.com/speech-recognition"", ""Speech Recognition API"")"
1.0.30001605	speech-synthesis	Speech Synthesis API	TRUE	9/17/2012, 2:26:37 AM	TRUE	"=HYPERLINK(""https://caniuse.com/speech-synthesis"", ""Speech Synthesis API"")"
1.0.30001605	spellcheck-attribute	Spellcheck attribute	TRUE	9/17/2012, 2:26:37 AM	FALSE	"=HYPERLINK(""https://caniuse.com/spellcheck-attribute"", ""Spellcheck attribute"")"
1.0.30001605	sql-storage	Web SQL Database	TRUE	9/17/2012, 2:26:37 AM	FALSE	"=HYPERLINK(""https://caniuse.com/sql-storage"", ""Web SQL Database"")"
1.0.30001605	srcset	Srcset and sizes attributes	TRUE	9/17/2012, 2:26:37 AM	FALSE	"=HYPERLINK(""https://caniuse.com/srcset"", ""Srcset and sizes attributes"")"
1.0.30001605	stream	getUserMedia/Stream API	TRUE	9/17/2012, 2:26:37 AM	FALSE	"=HYPERLINK(""https://caniuse.com/stream"", ""getUserMedia/Stream API"")"
1.0.30001605	streams	Streams	TRUE	10/21/2013, 4:04:25 AM	FALSE	"=HYPERLINK(""https://caniuse.com/streams"", ""Streams"")"
1.0.30001605	stricttransportsecurity	Strict Transport Security	TRUE	9/17/2012, 2:26:37 AM	FALSE	"=HYPERLINK(""https://caniuse.com/stricttransportsecurity"", ""Strict Transport Security"")"
1.0.30001605	style-scoped	Scoped attribute	TRUE	9/17/2012, 2:26:37 AM	FALSE	"=HYPERLINK(""https://caniuse.com/style-scoped"", ""Scoped attribute"")"
1.0.30001605	subresource-bundling	Subresource Loading with Web Bundles	FALSE	9/17/2012, 2:26:37 AM	FALSE	
1.0.30001605	subresource-integrity	Subresource Integrity	TRUE	8/7/2013, 12:17:02 AM	FALSE	"=HYPERLINK(""https://caniuse.com/subresource-integrity"", ""Subresource Integrity"")"
1.0.30001605	svg-css	SVG in CSS backgrounds	TRUE	9/17/2012, 2:26:37 AM	FALSE	"=HYPERLINK(""https://caniuse.com/svg-css"", ""SVG in CSS backgrounds"")"
1.0.30001605	svg-filters	SVG filters	TRUE	9/17/2012, 2:26:37 AM	FALSE	"=HYPERLINK(""https://caniuse.com/svg-filters"", ""SVG filters"")"
1.0.30001605	svg-fonts	SVG fonts	TRUE	9/17/2012, 2:26:37 AM	FALSE	"=HYPERLINK(""https://caniuse.com/svg-fonts"", ""SVG fonts"")"
1.0.30001605	svg-fragment	SVG fragment identifiers	TRUE	9/17/2012, 2:26:37 AM	FALSE	"=HYPERLINK(""https://caniuse.com/svg-fragment"", ""SVG fragment identifiers"")"
1.0.30001605	svg-html	SVG effects for HTML	TRUE	9/17/2012, 2:26:37 AM	FALSE	"=HYPERLINK(""https://caniuse.com/svg-html"", ""SVG effects for HTML"")"
1.0.30001605	svg-html5	Inline SVG in HTML5	TRUE	9/17/2012, 2:26:37 AM	FALSE	"=HYPERLINK(""https://caniuse.com/svg-html5"", ""Inline SVG in HTML5"")"
1.0.30001605	svg-img	SVG in HTML img element	TRUE	9/17/2012, 2:26:37 AM	FALSE	"=HYPERLINK(""https://caniuse.com/svg-img"", ""SVG in HTML img element"")"
1.0.30001605	svg-smil	SVG SMIL animation	TRUE	9/17/2012, 2:26:37 AM	FALSE	"=HYPERLINK(""https://caniuse.com/svg-smil"", ""SVG SMIL animation"")"
1.0.30001605	svg	SVG (basic support)	TRUE	9/17/2012, 2:26:37 AM	FALSE	"=HYPERLINK(""https://caniuse.com/svg"", ""SVG (basic support)"")"
1.0.30001605	sxg	Signed HTTP Exchanges (SXG)	TRUE	9/17/2012, 2:26:37 AM	FALSE	"=HYPERLINK(""https://caniuse.com/sxg"", ""Signed HTTP Exchanges (SXG)"")"
1.0.30001605	tabindex-attr	tabindex global attribute	TRUE	10/9/2015, 11:19:01 AM	TRUE	"=HYPERLINK(""https://caniuse.com/tabindex-attr"", ""tabindex global attribute"")"
1.0.30001605	template-literals	ES6 Template Literals (Template Strings)	TRUE	9/17/2012, 2:26:37 AM	FALSE	"=HYPERLINK(""https://caniuse.com/template-literals"", ""ES6 Template Literals (Template Strings)"")"
1.0.30001605	template	HTML templates	TRUE	9/17/2012, 2:26:37 AM	FALSE	"=HYPERLINK(""https://caniuse.com/template"", ""HTML templates"")"
1.0.30001605	temporal	Temporal	TRUE	7/7/2021, 6:44:47 AM	TRUE	"=HYPERLINK(""https://caniuse.com/temporal"", ""Temporal"")"
1.0.30001605	testfeat	Test feature - updated	FALSE	9/17/2012, 2:26:37 AM	FALSE	
1.0.30001605	text-decoration	text-decoration styling	TRUE	9/17/2012, 2:26:37 AM	FALSE	"=HYPERLINK(""https://caniuse.com/text-decoration"", ""text-decoration styling"")"
1.0.30001605	text-emphasis	text-emphasis styling	TRUE	1/18/2015, 7:49:49 AM	FALSE	"=HYPERLINK(""https://caniuse.com/text-emphasis"", ""text-emphasis styling"")"
1.0.30001605	text-overflow	CSS3 Text-overflow	TRUE	9/17/2012, 2:26:37 AM	FALSE	"=HYPERLINK(""https://caniuse.com/text-overflow"", ""CSS3 Text-overflow"")"
1.0.30001605	text-size-adjust	CSS text-size-adjust	TRUE	9/17/2012, 2:26:37 AM	FALSE	"=HYPERLINK(""https://caniuse.com/text-size-adjust"", ""CSS text-size-adjust"")"
1.0.30001605	text-stroke	CSS text-stroke and text-fill	TRUE	9/17/2012, 2:26:37 AM	FALSE	"=HYPERLINK(""https://caniuse.com/text-stroke"", ""CSS text-stroke and text-fill"")"
1.0.30001605	textcontent	Node.textContent	TRUE	9/17/2012, 2:26:37 AM	FALSE	"=HYPERLINK(""https://caniuse.com/textcontent"", ""Node.textContent"")"
1.0.30001605	textencoder	TextEncoder & TextDecoder	TRUE	9/17/2012, 2:26:37 AM	FALSE	"=HYPERLINK(""https://caniuse.com/textencoder"", ""TextEncoder & TextDecoder"")"
1.0.30001605	tls1-1	TLS 1.1	TRUE	9/17/2012, 2:26:37 AM	FALSE	"=HYPERLINK(""https://caniuse.com/tls1-1"", ""TLS 1.1"")"
1.0.30001605	tls1-2	TLS 1.2	TRUE	9/17/2012, 2:26:37 AM	FALSE	"=HYPERLINK(""https://caniuse.com/tls1-2"", ""TLS 1.2"")"
1.0.30001605	tls1-3	TLS 1.3	TRUE	9/17/2012, 2:26:37 AM	FALSE	"=HYPERLINK(""https://caniuse.com/tls1-3"", ""TLS 1.3"")"
1.0.30001605	touch	Touch events	TRUE	9/17/2012, 2:26:37 AM	FALSE	"=HYPERLINK(""https://caniuse.com/touch"", ""Touch events"")"
1.0.30001605	transforms2d	CSS3 2D Transforms	TRUE	9/17/2012, 2:26:37 AM	TRUE	"=HYPERLINK(""https://caniuse.com/transforms2d"", ""CSS3 2D Transforms"")"
1.0.30001605	transforms3d	CSS3 3D Transforms	TRUE	9/17/2012, 2:26:37 AM	TRUE	"=HYPERLINK(""https://caniuse.com/transforms3d"", ""CSS3 3D Transforms"")"
1.0.30001605	trusted-types	Trusted Types for DOM manipulation	TRUE	10/21/2013, 4:04:25 AM	TRUE	"=HYPERLINK(""https://caniuse.com/trusted-types"", ""Trusted Types for DOM manipulation"")"
1.0.30001605	ttf	TTF/OTF - TrueType and OpenType font support	TRUE	9/17/2012, 2:26:37 AM	FALSE	"=HYPERLINK(""https://caniuse.com/ttf"", ""TTF/OTF - TrueType and OpenType font support"")"
1.0.30001605	typedarrays	Typed Arrays	TRUE	9/17/2012, 2:26:37 AM	FALSE	"=HYPERLINK(""https://caniuse.com/typedarrays"", ""Typed Arrays"")"
1.0.30001605	u2f	FIDO U2F API	TRUE	4/15/2015, 10:17:15 PM	FALSE	"=HYPERLINK(""https://caniuse.com/u2f"", ""FIDO U2F API"")"
1.0.30001605	unhandledrejection	unhandledrejection/rejectionhandled events	TRUE	9/17/2012, 2:26:37 AM	FALSE	"=HYPERLINK(""https://caniuse.com/unhandledrejection"", ""unhandledrejection/rejectionhandled events"")"
1.0.30001605	upgradeinsecurerequests	Upgrade Insecure Requests	TRUE	4/15/2015, 10:17:15 PM	FALSE	"=HYPERLINK(""https://caniuse.com/upgradeinsecurerequests"", ""Upgrade Insecure Requests"")"
1.0.30001605	url-scroll-to-text-fragment	URL Scroll-To-Text Fragment	TRUE	9/17/2012, 2:26:37 AM	TRUE	"=HYPERLINK(""https://caniuse.com/url-scroll-to-text-fragment"", ""URL Scroll-To-Text Fragment"")"
1.0.30001605	url	URL API	TRUE	10/21/2013, 4:04:25 AM	FALSE	"=HYPERLINK(""https://caniuse.com/url"", ""URL API"")"
1.0.30001605	urlsearchparams	URLSearchParams	TRUE	8/7/2013, 12:17:02 AM	FALSE	"=HYPERLINK(""https://caniuse.com/urlsearchparams"", ""URLSearchParams"")"
1.0.30001605	use-strict	ECMAScript 5 Strict Mode	TRUE	9/17/2012, 2:26:37 AM	FALSE	"=HYPERLINK(""https://caniuse.com/use-strict"", ""ECMAScript 5 Strict Mode"")"
1.0.30001605	user-select-none	CSS user-select: none	TRUE	2/3/2013, 7:54:36 AM	FALSE	"=HYPERLINK(""https://caniuse.com/user-select-none"", ""CSS user-select: none"")"
1.0.30001605	user-timing	User Timing API	TRUE	9/17/2012, 2:26:37 AM	FALSE	"=HYPERLINK(""https://caniuse.com/user-timing"", ""User Timing API"")"
1.0.30001605	variable-fonts	Variable fonts	TRUE	9/17/2012, 2:26:37 AM	FALSE	"=HYPERLINK(""https://caniuse.com/variable-fonts"", ""Variable fonts"")"
1.0.30001605	vector-effect	SVG vector-effect: non-scaling-stroke	TRUE	9/17/2012, 2:26:37 AM	FALSE	"=HYPERLINK(""https://caniuse.com/vector-effect"", ""SVG vector-effect: non-scaling-stroke"")"
1.0.30001605	vibration	Vibration API	TRUE	9/17/2012, 2:26:37 AM	FALSE	"=HYPERLINK(""https://caniuse.com/vibration"", ""Vibration API"")"
1.0.30001605	video	Video element	TRUE	9/17/2012, 2:26:37 AM	FALSE	"=HYPERLINK(""https://caniuse.com/video"", ""Video element"")"
1.0.30001605	videotracks	Video Tracks	TRUE	8/7/2013, 12:17:02 AM	FALSE	"=HYPERLINK(""https://caniuse.com/videotracks"", ""Video Tracks"")"
1.0.30001605	view-transitions	View Transitions API (single-document)	TRUE	6/12/2023, 6:50:19 AM	TRUE	"=HYPERLINK(""https://caniuse.com/view-transitions"", ""View Transitions API (single-document)"")"
1.0.30001605	viewport-unit-variants	Small, Large, and Dynamic viewport units	TRUE	9/17/2012, 2:26:37 AM	TRUE	"=HYPERLINK(""https://caniuse.com/viewport-unit-variants"", ""Small, Large, and Dynamic viewport units"")"
1.0.30001605	viewport-units	Viewport units: vw, vh, vmin, vmax	TRUE	9/17/2012, 2:26:37 AM	TRUE	"=HYPERLINK(""https://caniuse.com/viewport-units"", ""Viewport units: vw, vh, vmin, vmax"")"
1.0.30001605	wai-aria	WAI-ARIA Accessibility features	TRUE	9/17/2012, 2:26:37 AM	FALSE	"=HYPERLINK(""https://caniuse.com/wai-aria"", ""WAI-ARIA Accessibility features"")"
1.0.30001605	wake-lock	Screen Wake Lock API	TRUE	9/17/2012, 2:26:37 AM	FALSE	"=HYPERLINK(""https://caniuse.com/wake-lock"", ""Screen Wake Lock API"")"
1.0.30001605	wasm-bigint	WebAssembly Non-trapping float-to-int Conversion	FALSE	2/18/2024, 12:08:39 AM	FALSE	
1.0.30001605	wasm-bulk-memory	WebAssembly Bulk Memory Operations	FALSE	2/18/2024, 12:08:39 AM	FALSE	
1.0.30001605	wasm-extended-const	WebAssembly Extended Constant Expressions	FALSE	9/17/2012, 2:26:37 AM	FALSE	
1.0.30001605	wasm-gc	WebAssembly Garbage Collection	FALSE	9/17/2012, 2:26:37 AM	FALSE	
1.0.30001605	wasm-multi-memory	WebAssembly Multi-Memory	FALSE	9/17/2012, 2:26:37 AM	FALSE	
1.0.30001605	wasm-multi-value	WebAssembly Multi-Value	FALSE	2/18/2024, 12:08:39 AM	FALSE	
1.0.30001605	wasm-mutable-globals	WebAssembly Import/Export of Mutable Globals	FALSE	9/17/2012, 2:26:37 AM	FALSE	
1.0.30001605	wasm-nontrapping-fptoint	WebAssembly Non-trapping float-to-int Conversion	FALSE	9/17/2012, 2:26:37 AM	FALSE	
1.0.30001605	wasm-reference-types	WebAssembly Reference Types	TRUE	2/18/2024, 12:08:39 AM	FALSE	"=HYPERLINK(""https://caniuse.com/wasm-reference-types"", ""WebAssembly Reference Types"")"
1.0.30001605	wasm-relaxed-simd	WebAssembly Relaxed SIMD	FALSE	9/17/2012, 2:26:37 AM	FALSE	
1.0.30001605	wasm-signext	WebAssembly Sign Extension Operators	FALSE	9/17/2012, 2:26:37 AM	FALSE	
1.0.30001605	wasm-simd	WebAssembly SIMD	FALSE	2/18/2024, 12:08:39 AM	FALSE	
1.0.30001605	wasm-tail-calls	WebAssembly Tail Calls	FALSE	9/17/2012, 2:26:37 AM	FALSE	
1.0.30001605	wasm-threads	WebAssembly Threads and Atomics	FALSE	2/18/2024, 12:08:39 AM	FALSE	
1.0.30001605	wasm	WebAssembly	TRUE	9/17/2012, 2:26:37 AM	FALSE	"=HYPERLINK(""https://caniuse.com/wasm"", ""WebAssembly"")"
1.0.30001605	wav	Wav audio format	TRUE	9/17/2012, 2:26:37 AM	FALSE	"=HYPERLINK(""https://caniuse.com/wav"", ""Wav audio format"")"
1.0.30001605	wbr-element	wbr (word break opportunity) element	TRUE	9/17/2012, 2:26:37 AM	FALSE	"=HYPERLINK(""https://caniuse.com/wbr-element"", ""wbr (word break opportunity) element"")"
1.0.30001605	web-animation	Web Animations API	TRUE	10/21/2013, 4:04:25 AM	TRUE	"=HYPERLINK(""https://caniuse.com/web-animation"", ""Web Animations API"")"
1.0.30001605	web-app-manifest	Add to home screen (A2HS)	FALSE	8/7/2013, 12:17:02 AM	FALSE	
1.0.30001605	web-bluetooth	Web Bluetooth	TRUE	9/17/2012, 2:26:37 AM	TRUE	"=HYPERLINK(""https://caniuse.com/web-bluetooth"", ""Web Bluetooth"")"
1.0.30001605	web-serial	Web Serial API	TRUE	9/17/2012, 2:26:37 AM	FALSE	"=HYPERLINK(""https://caniuse.com/web-serial"", ""Web Serial API"")"
1.0.30001605	web-share	Web Share API	TRUE	9/17/2012, 2:26:37 AM	FALSE	"=HYPERLINK(""https://caniuse.com/web-share"", ""Web Share API"")"
1.0.30001605	webauthn	Web Authentication API	TRUE	9/17/2012, 2:26:37 AM	FALSE	"=HYPERLINK(""https://caniuse.com/webauthn"", ""Web Authentication API"")"
1.0.30001605	webcodecs	WebCodecs API	TRUE	9/17/2012, 2:26:37 AM	TRUE	"=HYPERLINK(""https://caniuse.com/webcodecs"", ""WebCodecs API"")"
1.0.30001605	webgl	WebGL - 3D Canvas graphics	TRUE	9/17/2012, 2:26:37 AM	FALSE	"=HYPERLINK(""https://caniuse.com/webgl"", ""WebGL - 3D Canvas graphics"")"
1.0.30001605	webgl2	WebGL 2.0	TRUE	9/17/2012, 2:26:37 AM	FALSE	"=HYPERLINK(""https://caniuse.com/webgl2"", ""WebGL 2.0"")"
1.0.30001605	webgpu	WebGPU	TRUE	9/17/2012, 2:26:37 AM	FALSE	"=HYPERLINK(""https://caniuse.com/webgpu"", ""WebGPU"")"
1.0.30001605	webhid	WebHID API	TRUE	9/17/2012, 2:26:37 AM	TRUE	"=HYPERLINK(""https://caniuse.com/webhid"", ""WebHID API"")"
1.0.30001605	webkit-user-drag	CSS -webkit-user-drag property	TRUE	9/17/2012, 2:26:37 AM	FALSE	"=HYPERLINK(""https://caniuse.com/webkit-user-drag"", ""CSS -webkit-user-drag property"")"
1.0.30001605	webm	WebM video format	TRUE	9/17/2012, 2:26:37 AM	FALSE	"=HYPERLINK(""https://caniuse.com/webm"", ""WebM video format"")"
1.0.30001605	webnfc	Web NFC	TRUE	9/17/2012, 2:26:37 AM	FALSE	"=HYPERLINK(""https://caniuse.com/webnfc"", ""Web NFC"")"
1.0.30001605	webp	WebP image format	TRUE	9/17/2012, 2:26:37 AM	TRUE	"=HYPERLINK(""https://caniuse.com/webp"", ""WebP image format"")"
1.0.30001605	websockets	Web Sockets	TRUE	9/17/2012, 2:26:37 AM	FALSE	"=HYPERLINK(""https://caniuse.com/websockets"", ""Web Sockets"")"
1.0.30001605	webtransport	WebTransport	TRUE	9/17/2012, 2:26:37 AM	TRUE	"=HYPERLINK(""https://caniuse.com/webtransport"", ""WebTransport"")"
1.0.30001605	webusb	WebUSB	TRUE	9/17/2012, 2:26:37 AM	TRUE	"=HYPERLINK(""https://caniuse.com/webusb"", ""WebUSB"")"
1.0.30001605	webvr	WebVR API	TRUE	9/17/2012, 2:26:37 AM	FALSE	"=HYPERLINK(""https://caniuse.com/webvr"", ""WebVR API"")"
1.0.30001605	webvtt	WebVTT - Web Video Text Tracks	TRUE	9/17/2012, 2:26:37 AM	TRUE	"=HYPERLINK(""https://caniuse.com/webvtt"", ""WebVTT - Web Video Text Tracks"")"
1.0.30001605	webworkers	Web Workers	TRUE	9/17/2012, 2:26:37 AM	FALSE	"=HYPERLINK(""https://caniuse.com/webworkers"", ""Web Workers"")"
1.0.30001605	webxr	WebXR Device API	TRUE	9/17/2012, 2:26:37 AM	FALSE	"=HYPERLINK(""https://caniuse.com/webxr"", ""WebXR Device API"")"
1.0.30001605	will-change	CSS will-change property	TRUE	9/17/2012, 2:26:37 AM	FALSE	"=HYPERLINK(""https://caniuse.com/will-change"", ""CSS will-change property"")"
1.0.30001605	woff	WOFF - Web Open Font Format	TRUE	9/17/2012, 2:26:37 AM	FALSE	"=HYPERLINK(""https://caniuse.com/woff"", ""WOFF - Web Open Font Format"")"
1.0.30001605	woff2	WOFF 2.0 - Web Open Font Format	TRUE	10/21/2013, 4:04:25 AM	FALSE	"=HYPERLINK(""https://caniuse.com/woff2"", ""WOFF 2.0 - Web Open Font Format"")"
1.0.30001605	word-break	CSS3 word-break	TRUE	9/17/2012, 2:26:37 AM	FALSE	"=HYPERLINK(""https://caniuse.com/word-break"", ""CSS3 word-break"")"
1.0.30001605	wordwrap	CSS3 Overflow-wrap	TRUE	9/17/2012, 2:26:37 AM	FALSE	"=HYPERLINK(""https://caniuse.com/wordwrap"", ""CSS3 Overflow-wrap"")"
1.0.30001605	x-doc-messaging	Cross-document messaging	TRUE	9/17/2012, 2:26:37 AM	FALSE	"=HYPERLINK(""https://caniuse.com/x-doc-messaging"", ""Cross-document messaging"")"
1.0.30001605	x-frame-options	X-Frame-Options HTTP header	TRUE	9/17/2012, 2:26:37 AM	FALSE	"=HYPERLINK(""https://caniuse.com/x-frame-options"", ""X-Frame-Options HTTP header"")"
1.0.30001605	xhr2	XMLHttpRequest advanced features	TRUE	9/17/2012, 2:26:37 AM	FALSE	"=HYPERLINK(""https://caniuse.com/xhr2"", ""XMLHttpRequest advanced features"")"
1.0.30001605	xhtml	XHTML served as application/xhtml+xml	TRUE	9/17/2012, 2:26:37 AM	FALSE	"=HYPERLINK(""https://caniuse.com/xhtml"", ""XHTML served as application/xhtml+xml"")"
1.0.30001605	xhtmlsmil	XHTML+SMIL animation	TRUE	9/17/2012, 2:26:37 AM	FALSE	"=HYPERLINK(""https://caniuse.com/xhtmlsmil"", ""XHTML+SMIL animation"")"
1.0.30001605	xml-serializer	DOM Parsing and Serialization	TRUE	9/17/2012, 2:26:37 AM	FALSE	"=HYPERLINK(""https://caniuse.com/xml-serializer"", ""DOM Parsing and Serialization"")"
1.0.30001605	zstd	zstd (Zstandard) content-encoding	TRUE	9/17/2012, 2:26:37 AM	FALSE	"=HYPERLINK(""https://caniuse.com/zstd"", ""zstd (Zstandard) content-encoding"")"
